oid	maj_axis	min_axis	pos_angle	vmag
672	0.562	0.389		
3256	1.05E-5	5.6666668E-6	17	14.72
117027	120.0	90.0		
127807	5.0	5.0	90	14.3
164199	34.0	34.0	90	
165698	8.0	8.0	0	
198235	69.0	20.0	135	
206420	80.0	80.0	90	
242354				14.56
273063	140.0	120.0		
358774	15.8	15.8	90	10.6
407086	32.2333	32.2333	90	10.6
452225	6.333	6.333	90	17.128
507146				16.95
671065	11.666667	11.666667	0	
672482	5.5	2.5	90	
731622	0.2	0.2	90	
879652				9.02
907843	220.0	220.0	90	
1010161				
1126157				15.146
1209800	0.785343	0.482201	111	
1400760				
1448398	5.0	3.0	90	12.52
1501112	5.533	5.533	90	15.62
1555930	0.0283	0.0283	90	13.807
1643821				
1669009	4.25	2.04	10	13.26
1696747	52.2	52.2	90	10.4
1697047	5.9	4.9	0	11.93
1785567	6.1333	6.1333	90	12.0
1937165				
1940765				14.83
2390069				
2532118	3.0	3.0	90	
2555718	2.82	2.19	95	13.6
2557623	1.12	0.5733333	102	14.83
2596424	0.767	0.767	90	
2674705	120.0	60.0		
2794113	0.342357	0.31757	0	15.1
2847134	310.0	240.0		
2976381	60.0	50.0		
2992885	255.0	255.0	90	
2994088			32767	1.83
2996913	19.9333	19.9333	90	11.0
3022216	8.0	8.0		
3059210	4.9	4.1	90	13.2
3311617	1.445	0.724		
3474714	1.2	1.2	90	13.98
3476567	0.423	0.423	90	14.0
3488569	30.0	30.0	90	
6211587				
8869887				18.416
21088992	0.633	0.481	75	12.9
21088993	1.49514	1.13526	160	13.29
