cat_id	otype	other
"Barnard   1"	"MoC"	"Barnard   1"
"Barnard   2"	"DNe"	"Barnard   2"
"Barnard   3"	"DNe"	"Barnard   3"
"Barnard   4"	"DNe"	"Barnard   4"
"Barnard   5"	"DNe"	"LDN 1471"
"Barnard   5"	"DNe"	"Barnard   5"
"Barnard   6"	"DNe"	"Barnard   6"
"Barnard   6"	"DNe"	"LDN 1387"
"Barnard   7"	"DNe"	"Barnard   7"
"Barnard   8"	"DNe"	"Barnard   8"
"Barnard   9"	"DNe"	"Barnard   9"
"Barnard  10"	"DNe"	"Barnard  10"
"Barnard  10"	"DNe"	"LDN 1495A"
"Barnard  11"	"DNe"	"Barnard  11"
"Barnard  12"	"DNe"	"Barnard  12"
"Barnard  12"	"DNe"	"LDN 1407"
"Barnard  13"	"DNe"	"Barnard  13"
"Barnard  13A"	"PM*"	"Barnard  13A"
"Barnard  14"	"DNe"	"Barnard  14"
"Barnard  15"	"DNe"	"Barnard  15"
"Barnard  15"	"DNe"	"LDN 1445"
"Barnard  16"	"DNe"	"Barnard  16"
"Barnard  17"	"DNe"	"Barnard  17"
"Barnard  18"	"MoC"	"Barnard  18"
"Barnard  18"	"MoC"	"LDN 1529"
"Barnard  18"	"MoC"	"NAME Kutner's Cloud"
"Barnard  18A"	"DNe"	"Barnard  18A"
"Barnard  18B"	"DNe"	"Barnard  18B"
"Barnard  18C"	"DNe"	"Barnard  18C"
"Barnard  18C"	"DNe"	"NAME B18-C"
"Barnard  18C"	"DNe"	"NAME Barn 18C"
"Barnard  18D"	"DNe"	"Barnard  18D"
"Barnard  18E"	"DNe"	"Barnard  18E"
"Barnard  18F"	"DNe"	"Barnard  18F"
"Barnard  18F"	"DNe"	"NAME B18-F"
"Barnard  18F"	"DNe"	"NAME Barn 18F"
"Barnard  18G"	"DNe"	"Barnard  18G"
"Barnard  18H"	"DNe"	"Barnard  18H"
"Barnard  18I"	"DNe"	"Barnard  18I"
"Barnard  18I"	"DNe"	"NAME B18-I"
"Barnard  18I"	"DNe"	"NAME Barn 18I"
"Barnard  18J"	"DNe"	"Barnard  18J"
"Barnard  18J"	"DNe"	"NAME B18-J"
"Barnard  19"	"DNe"	"Barnard  19"
"Barnard  20"	"DNe"	"Barnard  20"
"Barnard  21"	"DNe"	"Barnard  21"
"Barnard  22"	"DNe"	"Barnard  22"
"Barnard  23"	"DNe"	"Barnard  23"
"Barnard  23"	"DNe"	"LDN 1503"
"Barnard  24"	"MoC"	"Barnard  24"
"Barnard  24"	"MoC"	"LDN 1507"
"Barnard  25"	"DNe"	"Barnard  25"
"Barnard  25"	"DNe"	"LDN 1465"
"Barnard  26"	"DNe"	"Barnard  26"
"Barnard  27"	"DNe"	"Barnard  27"
"Barnard  28"	"DNe"	"Barnard  28"
"Barnard  29"	"DNe"	"Barnard  29"
"Barnard  29"	"DNe"	"LDN 1523"
"Barnard  30"	"DNe"	"Barnard  30"
"Barnard  31"	"DNe"	"Barnard  31"
"Barnard  32"	"DNe"	"Barnard  32"
"Barnard  32"	"DNe"	"LDN 1582"
"Barnard  33"	"DNe"	"Barnard  33"
"Barnard  33"	"DNe"	"NAME Horsehead Nebula"
"Barnard  34"	"Cld"	"Barnard  34"
"Barnard  34N"	"DNe"	"Barnard  34N"
"Barnard  35"	"DNe"	"Barnard  35"
"Barnard  35A"	"DNe"	"Barnard  35A"
"Barnard  35B"	"DNe"	"Barnard  35B"
"Barnard  36"	"DNe"	"Barnard  36"
"Barnard  37"	"DNe"	"Barnard  37"
"Barnard  38"	"DNe"	"Barnard  38"
"Barnard  39"	"DNe"	"Barnard  39"
"Barnard  39"	"DNe"	"LDN 1610"
"Barnard  40"	"DNe"	"Barnard  40"
"Barnard  40"	"DNe"	"LDN 1721"
"Barnard  41"	"DNe"	"Barnard  41"
"Barnard  42"	"DNe"	"Barnard  42"
"Barnard  43"	"DNe"	"Barnard  43"
"Barnard  43"	"DNe"	"LDN 1752"
"Barnard  44"	"DNe"	"Barnard  44"
"Barnard  44"	"DNe"	"LDN 1712"
"Barnard  44A"	"MoC"	"Barnard  44A"
"Barnard  45"	"DNe"	"Barnard  45"
"Barnard  45"	"DNe"	"LDN 1744"
"Barnard  46"	"DNe"	"Barnard  46"
"Barnard  46"	"DNe"	"LDN 1775"
"Barnard  47"	"DNe"	"Barnard  47"
"Barnard  47"	"DNe"	"LDN 1792"
"Barnard  48"	"DNe"	"Barnard  48"
"Barnard  49"	"MoC"	"Barnard  49"
"Barnard  49"	"MoC"	"LDN 1679"
"Barnard  50"	"DNe"	"Barnard  50"
"Barnard  51"	"DNe"	"Barnard  51"
"Barnard  51"	"DNe"	"LDN   15"
"Barnard  53"	"DNe"	"Barnard  53"
"Barnard  54"	"DNe"	"Barnard  54"
"Barnard  55"	"DNe"	"Barnard  55"
"Barnard  55"	"DNe"	"LDN 1682"
"Barnard  56"	"MoC"	"Barnard  56"
"Barnard  56"	"MoC"	"LDN 1685"
"Barnard  57"	"DNe"	"Barnard  57"
"Barnard  57"	"DNe"	"LDN   11"
"Barnard  58"	"Cld"	"Barnard  58"
"Barnard  59"	"DNe"	"Barnard  59"
"Barnard  59"	"DNe"	"LDN 1746"
"Barnard  60"	"DNe"	"Barnard  60"
"Barnard  61"	"DNe"	"Barnard  61"
"Barnard  61"	"DNe"	"LDN  111"
"Barnard  62"	"DNe"	"Barnard  62"
"Barnard  62"	"DNe"	"LDN  100"
"Barnard  63"	"DNe"	"Barnard  63"
"Barnard  64"	"DNe"	"Barnard  64"
"Barnard  64"	"DNe"	"LDN  173"
"Barnard  65"	"DNe"	"Barnard  65"
"Barnard  65"	"DNe"	"LDN 1772"
"Barnard  66"	"DNe"	"Barnard  66"
"Barnard  66"	"DNe"	"LDN 1768"
"Barnard  67"	"DNe"	"Barnard  67"
"Barnard  67A"	"DNe"	"Barnard  67A"
"Barnard  68"	"DNe"	"Barnard  68"
"Barnard  68"	"DNe"	"LDN   57"
"Barnard  69"	"DNe"	"Barnard  69"
"Barnard  69"	"DNe"	"LDN   55"
"Barnard  70"	"DNe"	"Barnard  70"
"Barnard  70"	"DNe"	"LDN   54"
"Barnard  71"	"DNe"	"Barnard  71"
"Barnard  71"	"DNe"	"LDN   53"
"Barnard  72"	"DNe"	"LDN   66"
"Barnard  72"	"DNe"	"Barnard  72"
"Barnard  72"	"DNe"	"NAME Snake DCld"
"Barnard  73"	"DNe"	"Barnard  73"
"Barnard  74"	"DNe"	"Barnard  74"
"Barnard  75"	"DNe"	"Barnard  75"
"Barnard  75"	"DNe"	"LDN  112"
"Barnard  76"	"DNe"	"Barnard  76"
"Barnard  77"	"DNe"	"Barnard  77"
"Barnard  77"	"DNe"	"LDN   69"
"Barnard  78"	"DNe"	"Barnard  78"
"Barnard  79"	"DNe"	"Barnard  79"
"Barnard  79"	"DNe"	"LDN  216"
"Barnard  80"	"DNe"	"Barnard  80"
"Barnard  81"	"DNe"	"Barnard  81"
"Barnard  82"	"DNe"	"Barnard  82"
"Barnard  83"	"DNe"	"Barnard  83"
"Barnard  83"	"DNe"	"LDN  109"
"Barnard  83A"	"DNe"	"Barnard  83A"
"Barnard  83A"	"DNe"	"LDN  233"
"Barnard  84"	"DNe"	"Barnard  84"
"Barnard  84"	"DNe"	"LDN  235"
"Barnard  84A"	"DNe"	"Barnard  84A"
"Barnard  84A"	"DNe"	"LDN  302"
"Barnard  85"	"DNe"	"Barnard  85"
"Barnard  86"	"DNe"	"Barnard  86"
"Barnard  86"	"DNe"	"LDN   93"
"Barnard  87"	"DNe"	"Barnard  87"
"Barnard  87"	"DNe"	"LDN 1771"
"Barnard  87"	"DNe"	"NAME Parrot's Head"
"Barnard  88"	"DNe"	"Barnard  88"
"Barnard  89"	"DNe"	"Barnard  89"
"Barnard  90"	"DNe"	"Barnard  90"
"Barnard  90"	"DNe"	"LDN  108"
"Barnard  91"	"DNe"	"Barnard  91"
"Barnard  91"	"DNe"	"LDN  227"
"Barnard  92"	"DNe"	"Barnard  92"
"Barnard  92"	"DNe"	"LDN  323"
"Barnard  93"	"DNe"	"Barnard  93"
"Barnard  93"	"DNe"	"LDN  327"
"Barnard  94"	"DNe"	"Barnard  94"
"Barnard  95"	"DNe"	"Barnard  95"
"Barnard  95"	"DNe"	"LDN  406"
"Barnard  96"	"DNe"	"Barnard  96"
"Barnard  97"	"DNe"	"Barnard  97"
"Barnard  98"	"DNe"	"Barnard  98"
"Barnard  98"	"DNe"	"LDN  239"
"Barnard  99"	"DNe"	"Barnard  99"
"Barnard  99"	"DNe"	"LDN  313"
"Barnard 100"	"DNe"	"Barnard 100"
"Barnard 100"	"DNe"	"LDN  443"
"Barnard 101"	"DNe"	"Barnard 101"
"Barnard 102"	"DNe"	"Barnard 102"
"Barnard 102"	"DNe"	"LDN  401"
"Barnard 103"	"DNe"	"Barnard 103"
"Barnard 103"	"DNe"	"LDN  497"
"Barnard 104"	"DNe"	"Barnard 104"
"Barnard 104"	"DNe"	"LDN  532"
"Barnard 105"	"DNe"	"Barnard 105"
"Barnard 105"	"DNe"	"LDN  506"
"Barnard 106"	"DNe"	"Barnard 106"
"Barnard 107"	"DNe"	"Barnard 107"
"Barnard 108"	"DNe"	"Barnard 108"
"Barnard 109"	"DNe"	"Barnard 109"
"Barnard 110"	"DNe"	"Barnard 110"
"Barnard 111"	"DNe"	"Barnard 111"
"Barnard 112"	"DNe"	"Barnard 112"
"Barnard 113"	"DNe"	"Barnard 113"
"Barnard 113"	"DNe"	"LDN  548"
"Barnard 114"	"DNe"	"Barnard 114"
"Barnard 114"	"DNe"	"LDN  514"
"Barnard 115"	"DNe"	"Barnard 115"
"Barnard 115"	"DNe"	"LDN  518"
"Barnard 116"	"DNe"	"Barnard 116"
"Barnard 116"	"DNe"	"LDN  512"
"Barnard 117"	"DNe"	"Barnard 117"
"Barnard 117"	"DNe"	"LDN  509"
"Barnard 117A"	"DNe"	"Barnard 117A"
"Barnard 118"	"DNe"	"Barnard 118"
"Barnard 119"	"DNe"	"Barnard 119"
"Barnard 119A"	"DNe"	"Barnard 119A"
"Barnard 120"	"DNe"	"Barnard 120"
"Barnard 121"	"DNe"	"Barnard 121"
"Barnard 122"	"DNe"	"Barnard 122"
"Barnard 122"	"DNe"	"LDN  545"
"Barnard 123"	"DNe"	"Barnard 123"
"Barnard 124"	"DNe"	"Barnard 124"
"Barnard 125"	"DNe"	"Barnard 125"
"Barnard 126"	"DNe"	"Barnard 126"
"Barnard 126"	"DNe"	"LDN  556"
"Barnard 127"	"DNe"	"Barnard 127"
"Barnard 127"	"DNe"	"LDN  544"
"Barnard 128"	"DNe"	"Barnard 128"
"Barnard 129"	"DNe"	"Barnard 129"
"Barnard 129"	"DNe"	"LDN  549"
"Barnard 130"	"DNe"	"Barnard 130"
"Barnard 130"	"DNe"	"LDN  542"
"Barnard 131"	"DNe"	"Barnard 131"
"Barnard 131"	"DNe"	"LDN  562"
"Barnard 132"	"DNe"	"Barnard 132"
"Barnard 133"	"DNe"	"Barnard 133"
"Barnard 133"	"DNe"	"LDN  531"
"Barnard 134"	"DNe"	"Barnard 134"
"Barnard 134"	"DNe"	"LDN  543"
"Barnard 135"	"DNe"	"Barnard 135"
"Barnard 136"	"DNe"	"Barnard 136"
"Barnard 137"	"DNe"	"Barnard 137"
"Barnard 138"	"DNe"	"Barnard 138"
"Barnard 138"	"DNe"	"LDN  627"
"Barnard 139"	"DNe"	"Barnard 139"
"Barnard 139"	"DNe"	"LDN  619"
"Barnard 140"	"DNe"	"Barnard 140"
"Barnard 141"	"DNe"	"Barnard 141"
"Barnard 142"	"DNe"	"Barnard 142"
"Barnard 143"	"DNe"	"Barnard 143"
"Barnard 143"	"DNe"	"LDN  694"
"Barnard 144"	"DNe"	"Barnard 144"
"Barnard 145"	"DNe"	"Barnard 145"
"Barnard 146"	"DNe"	"Barnard 146"
"Barnard 147"	"DNe"	"Barnard 147"
"Barnard 147"	"DNe"	"LDN  853"
"Barnard 148"	"DNe"	"Barnard 148"
"Barnard 149"	"DNe"	"Barnard 149"
"Barnard 150"	"DNe"	"Barnard 150"
"Barnard 150"	"DNe"	"LDN 1082"
"Barnard 151"	"DNe"	"Barnard 151"
"Barnard 152"	"DNe"	"LDN 1125"
"Barnard 152"	"DNe"	"Barnard 152"
"Barnard 153"	"DNe"	"Barnard 153"
"Barnard 154"	"DNe"	"Barnard 154"
"Barnard 154"	"DNe"	"LDN 1080"
"Barnard 155"	"DNe"	"Barnard 155"
"Barnard 155"	"DNe"	"LDN  983"
"Barnard 156"	"DNe"	"Barnard 156"
"Barnard 157"	"MoC"	"Barnard 157"
"Barnard 157"	"MoC"	"LDN 1075"
"Barnard 158"	"DNe"	"Barnard 158"
"Barnard 159"	"DNe"	"Barnard 159"
"Barnard 159"	"DNe"	"LDN  973"
"Barnard 160"	"DNe"	"Barnard 160"
"Barnard 160"	"DNe"	"LDN 1088"
"Barnard 161"	"DNe"	"Barnard 161"
"Barnard 162"	"DNe"	"Barnard 162"
"Barnard 163"	"DNe"	"Barnard 163"
"Barnard 163"	"DNe"	"LDN 1106"
"Barnard 164"	"DNe"	"Barnard 164"
"Barnard 164"	"DNe"	"LDN 1070"
"Barnard 165"	"DNe"	"Barnard 165"
"Barnard 166"	"DNe"	"Barnard 166"
"Barnard 167"	"DNe"	"Barnard 167"
"Barnard 168"	"DNe"	"Barnard 168"
"Barnard 169"	"DNe"	"Barnard 169"
"Barnard 170"	"DNe"	"Barnard 170"
"Barnard 170"	"DNe"	"LDN 1149"
"Barnard 171"	"DNe"	"Barnard 171"
"Barnard 171"	"DNe"	"LDN 1153"
"Barnard 172"	"DNe"	"Barnard 174"
"Barnard 172"	"DNe"	"LDN 1164"
"Barnard 172"	"DNe"	"Barnard 172"
"Barnard 173"	"DNe"	"Barnard 173"
"Barnard 174"	"DNe"	"Barnard 174"
"Barnard 174"	"DNe"	"LDN 1164"
"Barnard 174"	"DNe"	"Barnard 172"
"Barnard 175"	"DNe"	"Barnard 175"
"Barnard 201"	"DNe"	"Barnard 201"
"Barnard 202"	"DNe"	"Barnard 202"
"Barnard 202"	"DNe"	"LDN 1451"
"Barnard 203"	"DNe"	"Barnard 203"
"Barnard 203"	"DNe"	"LDN 1448"
"Barnard 204"	"DNe"	"Barnard 204"
"Barnard 204"	"DNe"	"LDN 1455"
"Barnard 205"	"DNe"	"Barnard 205"
"Barnard 205"	"DNe"	"LDN 1450"
"Barnard 206"	"DNe"	"Barnard 206"
"Barnard 207"	"DNe"	"Barnard 207"
"Barnard 208"	"DNe"	"Barnard 208"
"Barnard 209"	"DNe"	"Barnard 209"
"Barnard 210"	"DNe"	"Barnard 210"
"Barnard 211"	"DNe"	"Barnard 211"
"Barnard 212"	"DNe"	"Barnard 212"
"Barnard 213"	"DNe"	"Barnard 213"
"Barnard 214"	"DNe"	"Barnard 214"
"Barnard 215"	"DNe"	"Barnard 215"
"Barnard 216"	"DNe"	"Barnard 216"
"Barnard 217"	"DNe"	"Barnard 217"
"Barnard 217A"	"DNe"	"Barnard 217A"
"Barnard 217B"	"DNe"	"Barnard 217B"
"Barnard 217C"	"DNe"	"Barnard 217C"
"Barnard 217D"	"DNe"	"Barnard 217D"
"Barnard 217E"	"DNe"	"Barnard 217E"
"Barnard 217F"	"DNe"	"Barnard 217F"
"Barnard 217G"	"DNe"	"Barnard 217G"
"Barnard 218"	"DNe"	"Barnard 218"
"Barnard 218"	"DNe"	"NAME Northern Streamer"
"Barnard 219"	"DNe"	"Barnard 219"
"Barnard 220"	"DNe"	"Barnard 220"
"Barnard 221"	"DNe"	"Barnard 221"
"Barnard 222"	"DNe"	"Barnard 222"
"Barnard 223"	"DNe"	"Barnard 223"
"Barnard 224"	"DNe"	"Barnard 224"
"Barnard 225"	"DNe"	"Barnard 225"
"Barnard 226"	"DNe"	"Barnard 226"
"Barnard 227"	"DNe"	"Barnard 227"
"Barnard 227"	"DNe"	"LDN 1570"
"Barnard 228"	"cor"	"Barnard 228"
"Barnard 229"	"DNe"	"Barnard 229"
"Barnard 230"	"DNe"	"Barnard 230"
"Barnard 231"	"DNe"	"Barnard 231"
"Barnard 232"	"DNe"	"Barnard 232"
"Barnard 233"	"DNe"	"Barnard 233"
"Barnard 234"	"DNe"	"Barnard 234"
"Barnard 235"	"MoC"	"Barnard 235"
"Barnard 236"	"DNe"	"Barnard 236"
"Barnard 237"	"DNe"	"Barnard 237"
"Barnard 238"	"DNe"	"Barnard 238"
"Barnard 238"	"DNe"	"LDN 1759"
"Barnard 239"	"DNe"	"Barnard 239"
"Barnard 240"	"DNe"	"Barnard 240"
"Barnard 241"	"DNe"	"Barnard 241"
"Barnard 242"	"DNe"	"Barnard 242"
"Barnard 243"	"DNe"	"Barnard 243"
"Barnard 244"	"DNe"	"Barnard 244"
"Barnard 244"	"DNe"	"LDN 1736"
"Barnard 245"	"DNe"	"Barnard 245"
"Barnard 245"	"DNe"	"LDN 1726"
"Barnard 246"	"DNe"	"Barnard 246"
"Barnard 247"	"DNe"	"Barnard 247"
"Barnard 248"	"DNe"	"Barnard 248"
"Barnard 248"	"DNe"	"LDN 1733"
"Barnard 249"	"DNe"	"Barnard 249"
"Barnard 249"	"DNe"	"LDN 1727"
"Barnard 250"	"DNe"	"Barnard 250"
"Barnard 250"	"DNe"	"LDN 1742"
"Barnard 251"	"DNe"	"Barnard 251"
"Barnard 252"	"DNe"	"Barnard 252"
"Barnard 252"	"DNe"	"LDN 1698"
"Barnard 253"	"DNe"	"Barnard 253"
"Barnard 254"	"DNe"	"Barnard 254"
"Barnard 255"	"DNe"	"Barnard 255"
"Barnard 255"	"DNe"	"LDN   59"
"Barnard 256"	"DNe"	"Barnard 256"
"Barnard 257"	"MoC"	"Barnard 257"
"Barnard 258"	"DNe"	"Barnard 258"
"Barnard 259"	"DNe"	"Barnard 259"
"Barnard 260"	"DNe"	"Barnard 260"
"Barnard 260"	"DNe"	"LDN   14"
"Barnard 261"	"DNe"	"Barnard 261"
"Barnard 261"	"DNe"	"LDN   85"
"Barnard 262"	"DNe"	"Barnard 262"
"Barnard 263"	"DNe"	"Barnard 263"
"Barnard 264"	"DNe"	"Barnard 264"
"Barnard 265"	"DNe"	"Barnard 265"
"Barnard 266"	"DNe"	"Barnard 266"
"Barnard 267"	"DNe"	"Barnard 267"
"Barnard 267"	"DNe"	"LDN   36"
"Barnard 268"	"DNe"	"Barnard 268"
"Barnard 269"	"DNe"	"Barnard 269"
"Barnard 270"	"DNe"	"Barnard 270"
"Barnard 271"	"DNe"	"Barnard 271"
"Barnard 272"	"DNe"	"Barnard 272"
"Barnard 273"	"DNe"	"Barnard 273"
"Barnard 274"	"DNe"	"Barnard 274"
"Barnard 275"	"DNe"	"Barnard 275"
"Barnard 276"	"DNe"	"Barnard 276"
"Barnard 276"	"DNe"	"LDN  219"
"Barnard 277"	"DNe"	"Barnard 277"
"Barnard 277"	"DNe"	"LDN  144"
"Barnard 278"	"DNe"	"Barnard 278"
"Barnard 279"	"DNe"	"Barnard 279"
"Barnard 280"	"DNe"	"Barnard 280"
"Barnard 281"	"DNe"	"Barnard 281"
"Barnard 282"	"DNe"	"Barnard 282"
"Barnard 283"	"DNe"	"Barnard 283"
"Barnard 284"	"DNe"	"Barnard 284"
"Barnard 284"	"DNe"	"LDN  330"
"Barnard 285"	"DNe"	"Barnard 285"
"Barnard 286"	"DNe"	"Barnard 286"
"Barnard 287"	"DNe"	"Barnard 287"
"Barnard 288"	"DNe"	"Barnard 288"
"Barnard 289"	"DNe"	"Barnard 289"
"Barnard 289"	"DNe"	"LDN   35"
"Barnard 290"	"DNe"	"Barnard 290"
"Barnard 291"	"DNe"	"Barnard 291"
"Barnard 292"	"DNe"	"Barnard 292"
"Barnard 293"	"DNe"	"Barnard 293"
"Barnard 294"	"DNe"	"Barnard 294"
"Barnard 295"	"DNe"	"Barnard 295"
"Barnard 296"	"DNe"	"Barnard 296"
"Barnard 297"	"DNe"	"Barnard 297"
"Barnard 298"	"DNe"	"Barnard 298"
"Barnard 299"	"DNe"	"Barnard 299"
"Barnard 299"	"DNe"	"LDN  120"
"Barnard 300"	"DNe"	"Barnard 300"
"Barnard 301"	"DNe"	"Barnard 301"
"Barnard 302"	"DNe"	"Barnard 302"
"Barnard 302"	"DNe"	"LDN  213"
"Barnard 303"	"DNe"	"Barnard 303"
"Barnard 303"	"DNe"	"LDN  210"
"Barnard 304"	"DNe"	"Barnard 304"
"Barnard 305"	"DNe"	"Barnard 305"
"Barnard 306"	"DNe"	"Barnard 306"
"Barnard 306"	"DNe"	"LDN  195"
"Barnard 307"	"DNe"	"Barnard 307"
"Barnard 307"	"DNe"	"LDN  335"
"Barnard 308"	"DNe"	"Barnard 308"
"Barnard 309"	"DNe"	"Barnard 309"
"Barnard 310"	"DNe"	"Barnard 310"
"Barnard 311"	"DNe"	"Barnard 311"
"Barnard 311"	"DNe"	"LDN  356"
"Barnard 312"	"DNe"	"Barnard 312"
"Barnard 313"	"DNe"	"Barnard 313"
"Barnard 314"	"DNe"	"Barnard 314"
"Barnard 314"	"DNe"	"LDN  445"
"Barnard 315"	"DNe"	"Barnard 315"
"Barnard 315"	"DNe"	"LDN  344"
"Barnard 316"	"DNe"	"Barnard 316"
"Barnard 317"	"DNe"	"Barnard 317"
"Barnard 318"	"DNe"	"Barnard 318"
"Barnard 319"	"DNe"	"Barnard 319"
"Barnard 320"	"DNe"	"Barnard 320"
"Barnard 321"	"DNe"	"Barnard 321"
"Barnard 322"	"DNe"	"Barnard 322"
"Barnard 323"	"DNe"	"Barnard 323"
"Barnard 324"	"DNe"	"Barnard 324"
"Barnard 325"	"DNe"	"Barnard 325"
"Barnard 326"	"DNe"	"Barnard 326"
"Barnard 327"	"DNe"	"Barnard 327"
"Barnard 327"	"DNe"	"LDN  552"
"Barnard 328"	"DNe"	"Barnard 328"
"Barnard 329"	"DNe"	"Barnard 329"
"Barnard 330"	"DNe"	"Barnard 330"
"Barnard 330"	"DNe"	"LDN  647"
"Barnard 331"	"DNe"	"Barnard 331"
"Barnard 332"	"DNe"	"Barnard 332"
"Barnard 333"	"DNe"	"Barnard 333"
"Barnard 334"	"DNe"	"Barnard 334"
"Barnard 334"	"DNe"	"LDN  701"
"Barnard 335"	"DNe"	"Barnard 335"
"Barnard 335"	"DNe"	"LDN  663"
"Barnard 335S"	"DNe"	"Barnard 335S"
"Barnard 336"	"DNe"	"Barnard 336"
"Barnard 336"	"DNe"	"LDN  702"
"Barnard 337"	"DNe"	"Barnard 337"
"Barnard 337"	"DNe"	"LDN  705"
"Barnard 338"	"DNe"	"Barnard 338"
"Barnard 338"	"DNe"	"LDN  668"
"Barnard 339"	"DNe"	"Barnard 339"
"Barnard 340"	"DNe"	"Barnard 340"
"Barnard 341"	"DNe"	"Barnard 341"
"Barnard 342"	"DNe"	"Barnard 342"
"Barnard 342"	"DNe"	"LDN  885"
"Barnard 343"	"DNe"	"Barnard 343"
"Barnard 343"	"DNe"	"LDN  880"
"Barnard 344"	"DNe"	"Barnard 344"
"Barnard 345"	"DNe"	"Barnard 345"
"Barnard 346"	"DNe"	"Barnard 346"
"Barnard 347"	"DNe"	"Barnard 347"
"Barnard 348"	"DNe"	"Barnard 348"
"Barnard 349"	"DNe"	"Barnard 349"
"Barnard 350"	"DNe"	"Barnard 350"
"Barnard 351"	"DNe"	"Barnard 351"
"Barnard 352"	"DNe"	"Barnard 352"
"Barnard 353"	"DNe"	"Barnard 353"
"Barnard 354"	"DNe"	"Barnard 354"
"Barnard 355"	"DNe"	"Barnard 355"
"Barnard 356"	"DNe"	"Barnard 356"
"Barnard 356"	"DNe"	"LDN  950"
"Barnard 357"	"DNe"	"Barnard 357"
"Barnard 357"	"DNe"	"LDN 1053"
"Barnard 358"	"DNe"	"Barnard 358"
"Barnard 359"	"DNe"	"Barnard 359"
"Barnard 359"	"DNe"	"LDN 1068"
"Barnard 360"	"DNe"	"Barnard 360"
"Barnard 360"	"DNe"	"LDN 1063"
"Barnard 361"	"DNe"	"Barnard 361"
"Barnard 361"	"DNe"	"LDN  970"
"Barnard 362"	"cor"	"Barnard 362"
"Barnard 363"	"DNe"	"Barnard 363"
"Barnard 363"	"DNe"	"LDN 1007"
"Barnard 364"	"DNe"	"Barnard 364"
"Barnard 365"	"DNe"	"Barnard 365"
"Barnard 366"	"DNe"	"Barnard 366"
"Barnard 366"	"DNe"	"LDN 1131"
"Barnard 367"	"DNe"	"Barnard 367"
"Barnard 367"	"DNe"	"LDN 1113"
"Barnard 368"	"DNe"	"Barnard 368"
"Barnard 368"	"DNe"	"LDN 1137"
"Barnard 369"	"DNe"	"Barnard 369"
"Barnard 369"	"DNe"	"LDN 1150"
"Barnard 370"	"DNe"	"Barnard 370"
