ident	ra_deg	dec_deg	otype	maj_axis	min_axis	pos_angle
"PN A66    1"	3.229166666666667	69.17333333333333	"PN"	0.783	0.783	90
"PN A66    2"	11.394491666666667	57.9596888888889	"PN"	0.517	0.517	90
"PN A66    3"	33.02776467542	64.15064801706	"PN"	1.0	1.0	90
"PN A66    4"	41.348548386749165	42.55127544112055	"PN"	0.333	0.333	90
"PN A66    5"	43.06279583333333	50.59835	"PN"	2.123	2.123	90
"PN A66    6"	44.674432769984584	64.50174334988388	"PN"	3.1	3.1	90
"PN A66    7"	75.78138642496	-15.606311337320001	"PN"	12.733	12.733	90
"PN A66    8"	76.66007749112	39.13574117967999	"PN"	1.0	1.0	90
"PN A66    9"	82.23625	36.05138888888889	"PN?"	0.617	0.617	90
"PN A66   10"	82.939575	6.933772222222222	"PN"	0.333	0.333	90
"PN A66   11"	84.33986234255	8.258134763910002	"G"	0.32	0.243	80
"PN A66   12"	90.58352083333334	9.65391388888889	"PN"	0.617	0.617	90
"PN A66   13"	91.19956666666667	3.943266666666667	"PN"	2.543	2.543	90
"PN A66   14"	92.78606958434	11.77884012754	"PN"	0.547	0.547	90
"PN A66   15"	96.75849339642	-25.38047222257	"PN"	0.567	0.567	90
"PN A66   16"	100.98090868597	61.79018253695	"PN"	2.35	2.35	90
"PN A66   17"	102.15839648271	-9.5440968699	"PN?"	0.713	0.713	90
"PN A66   18"	104.06107916666667	-2.8855027777777775	"PN"	1.22	1.22	90
"PN A66   19"	104.98511666666667	14.609436111111112	"PN"	1.117	1.117	90
"PN A66   20"	110.74030435369	1.7594284733799996	"PN"	1.117	1.117	90
"PN A66   21"	112.26129027258001	13.24682987644	"PN"	10.25	10.25	90
"PN A66   22"	114.03299165266002	2.7076511075900007	"PN"	1.4	1.4	
"PN A66   23"	115.82493333333333	-34.75434444444445	"PN"	0.9	0.9	90
"PN A66   24"	117.90647315719	3.0058769117800006	"PN"	5.913	5.913	90
"PN A66   25"	121.6937546267	-2.876439274	"PN"	2.767	2.767	90
"PN A66   26"	122.25685	-32.673586111111106	"PN"	0.667	0.667	90
"PN A66   27"	127.96930416666666	-32.10241388888889	"PN"	0.723	0.723	90
"PN A66   28"	130.39814568511	58.23010684998	"PN"	4.467	4.467	90
"PN A66   29"	130.07884024198	-20.91017085962	"PN"			
"PN A66   30"	131.72276661453	17.87954705405	"PN"	0.287	0.132	75
"PN A66   31"	133.55485047748	8.8980392975	"PN"	16.2	16.2	90
"PN A66   32"	139.10333333333332	3.8905555555555553	"?"	2.233	2.233	90
"PN A66   33"	144.78809110247	-2.80846861074	"PN"	4.467	4.467	90
"PN A66   34"	146.39723783146	-13.171065319370001	"PN"	4.833	4.833	90
"PN A66   35"	193.38660712712	-22.87293600714	"PN"	12.867	12.867	90
"PN A66   36"	205.17227309606997	-19.88203467884	"PN"	6.117	6.117	90
"PN A66   37"	211.10800195247998	-17.2279388701	"PN"	0.783	0.783	90
"PN A66   38"	245.82920445325993	-31.749619062549996	"PN"	1.533	1.533	90
"PN A66   39"	246.89049967631996	27.909297605660004	"PN"	2.9	2.9	90
"PN A66   40"	252.1438125	-21.014075000000002	"PN"	0.567	0.567	90
"PN A66   41"	262.25844119045996	-15.217911698599998	"PN"	0.307	0.307	90
"PN A66   42"	262.87111450628	-8.319421008700001	"PN"			
"PN A66   43"	268.38448656592	10.6233918771	"PN"	1.333	1.333	90
"PN A66   44"	277.54684166666664	-16.75731111111111	"PN"	0.1	0.9375783	47
"PN A66   45"	277.5642583333333	-11.615952777777776	"PN"			
"PN A66   46"	277.8274627956499	26.93669743058	"PN"	1.057	1.057	90
"PN A66   47"	278.84401527705	-0.23086966401999998	"PN"			
"PN A66   48"	280.69550279009	-3.2214709643299995	"PN"	0.7	0.7	90
"PN A66   49"	283.36788333333334	-6.479675	"PN"			
"PN A66   50"	284.83345833333334	48.46534444444445	"PN"	0.45	0.45	90
"PN A66   51"	285.25580079711995	-18.204256015339997	"PN"	1.117	1.117	90
"PN A66   52"	286.13472884845004	17.95213521685139	"PN"			
"PN A66   53"	286.6912916666667	6.397908333333333	"PN"	0.517	0.517	90
"PN A66   54"	287.16464298447	22.9832049338	"PN"	0.933	0.933	90
"PN A66   55"	287.6073666666667	-2.33985	"PN"	0.8	0.8	90
"PN A66   56"	288.2753703053741	2.879808693977222	"PN"			
"PN A66   57"	289.27356660005	25.62580344644	"PN"			
"PN A66   58"	289.5853166666667	1.7832277777777776	"PN"			
"PN A66   59"	289.6666791666667	19.575819444444445	"PN"	1.433	1.433	90
"PN A66   60"	289.82412779929996	-12.243369065190002	"PN"	1.233	1.233	90
"PN A66   61"	289.79251136779	46.24777050590999	"PN"			
"PN A66   62"	293.3245354548713	10.616600495300833	"PN"	2.683	2.683	90
"PN A66   63"	295.54287357862	17.08734958587	"PN"			
"PN A66   64"	296.39508	5.56436	"AG?"	0.577	0.542	35
"PN A66   65"	296.64253829593	-23.136935023080003	"PN"	1.8	1.8	
"PN A66   66"	299.38126193687	-21.61283597868	"PN"	4.447	4.447	90
"PN A66   67"	299.61259118176	3.0500026503800006	"PN"	1.117	1.117	90
"PN A66   68"	300.0441780443387	21.715561238676663	"PN"			
"PN A66   69"	304.9930958333333	38.4006	"PN"	0.367	0.367	90
"PN A66   70"	307.88836479172	-7.08834303071	"PN"	0.7	0.7	90
"PN A66   71"	308.09673333333336	47.34733611111111	"PN"	2.633	2.633	90
"PN A66   72"	312.50855126813	13.558201504869999	"PN"	2.123	2.123	90
"PN A66   73"	314.11263333333335	57.43418055555555	"PN"	1.22	1.22	90
"PN A66   74"	319.2180885512199	24.1475264752	"PN"			
"PN A66   75"	321.59808333333336	62.892174999999995	"PN"	0.95	0.95	90
"PN A66   76"	322.5158	-2.8081000000000005	"EmG"			
"PN A66   77"	323.0412	55.8814	"HII"	1.21	0.992	30
"PN A66   78"	323.87242344129993	31.695958110030002	"PN"	1.783	1.783	90
"PN A66   79"	336.5719476793299	54.82729005508	"PN"	0.903	0.903	90
"PN A66   80"	338.69003189956	52.4349527839	"PN"	1.827	1.827	90
"PN A66   81"	340.60257999655	80.44201308472	"PN"	0.567	0.567	90
"PN A66   82"	356.44895873241	57.06623417784	"PN"	1.35	1.35	90
"PN A66   83"	356.6946208333333	54.74380277777778	"PN"	0.78333336	0.78333336	
"PN A66   84"	356.93355960171994	51.39921165369	"PN"	1.583	1.583	90
"PN A66   85"	359.8041666666667	62.43666666666666	"SNR"	34.0	34.0	90
"PN A66   86"	0.37905833333333333	70.7083138888889	"PN"	1.05	1.05	
