_RAJ2000	_DEJ2000	Sh2	Diam
deg	deg	 	arcmin
----------	----------	----	----
239.713380	-26.120461	   1	 150
256.027575	-38.142463	   2	  60
258.437613	-38.503084	   3	  12
259.953233	-39.338734	   4	   5
260.014430	-38.454751	   5	 100
258.767115	-37.116523	   6	   4
240.082370	-22.950583	   7	 240
260.353508	-36.034673	   8	 120
245.295401	-25.589395	   9	  80
259.750041	-34.090297	  10	  60
261.628950	-34.205675	  11	  90
263.984064	-32.599584	  12	 120
262.618992	-31.562662	  13	  40
262.576991	-30.262984	  14	   2
267.643305	-31.264088	  15	  30
266.967539	-29.303851	  16	  20
266.536693	-28.857998	  17	  25
267.191968	-29.251671	  18	   4
267.340312	-29.116891	  19	  12
267.309612	-28.667161	  20	  10
267.912700	-28.894658	  21	   5
268.765758	-25.036146	  22	  60
243.352633	 -8.372224	  23	  50
242.765912	 -7.077224	  24	  30
271.358495	-24.394253	  25	  90
269.745973	-23.326527	  26	  20
249.301754	-10.569692	  27	 480
270.674038	-23.584191	  28	  40
272.628827	-23.998555	  29	  40
270.892497	-23.015369	  30	  20
272.826463	-23.796624	  31	   8
272.724745	-23.647603	  32	   8
239.968292	 -1.617389	  33	  35
271.602099	-21.658399	  34	  90
273.961254	-20.252079	  35	  20
241.376463	 +0.394537	  36	  45
274.429723	-19.664170	  37	  20
272.189798	-18.269173	  38	   3
274.193731	-18.649738	  39	   3
273.009122	-17.744521	  40	  15
273.964293	-18.235276	  41	  90
272.574248	-16.815363	  42	   3
274.105338	-17.400530	  43	  15
274.123255	-16.733655	  44	  60
275.192191	-16.173263	  45	  60
271.546462	-14.158545	  46	  25
274.436439	-15.613894	  47	   5
275.600580	-14.585894	  48	  10
274.669269	-13.961553	  49	  90
276.376738	-14.711722	  50	  35
280.194741	-16.558371	  51	  35
296.945206	-23.087534	  52	   2
276.311518	-13.228946	  53	  15
274.471520	-11.730026	  54	 140
278.046318	-11.762123	  55	   5
277.775910	 -9.714631	  56	   7
277.640054	 -8.615889	  57	   2
277.863524	 -8.463726	  58	   8
279.254848	 -7.600293	  59	  20
279.171080	 -6.701055	  60	  20
278.229722	 -5.010034	  61	   2
276.893583	 -3.856203	  62	   4
299.429970	-14.115726	  63	  55
277.899770	 -1.913069	  64	  25
281.742240	 -3.742966	  65	   7
281.375547	 -1.996385	  66	   8
282.353931	 -2.353742	  67	  10
276.297982	 +0.854929	  68	   8
281.109164	 -0.282184	  69	  20
273.662247	 +7.063023	  70	   5
285.511365	 +2.159647	  71	   3
285.959979	 +2.313862	  72	  25
242.781881	+21.874055	  73	  75
287.204330	 +5.608963	  74	   3
284.814222	 +7.119978	  75	  10
284.107326	 +7.813342	  76	   7
297.072071	 +1.147866	  77	   8
285.796484	+14.129527	  78	  12
290.826919	+13.976042	  79	  40
287.870684	+16.865660	  80	   2
300.306246	+11.792641	  81	  10
292.586593	+18.275503	  82	   9
291.134076	+20.795813	  83	   2
297.266745	+18.400225	  84	  15
285.821905	+25.830347	  85	   6
295.790506	+23.287553	  86	  40
296.603034	+24.628056	  87	  10
296.495232	+25.343816	  88	  25
297.510162	+26.486019	  89	   5
297.305576	+26.867599	  90	   6
293.891975	+29.604402	  91	 120
296.663908	+28.245423	  92	  50
298.755199	+27.213425	  93	   1
291.965158	+31.470552	  94	  25
298.757301	+29.296873	  95	   1
292.175354	+32.689184	  96	  25
299.022057	+30.265846	  97	  10
299.685650	+31.421541	  98	  15
300.212765	+33.492763	  99	   5
300.463348	+33.511539	 100	   4
299.989827	+35.290976	 101	  20
307.946251	+30.605077	 102	  40
312.635418	+30.923363	 103	 210
304.438226	+36.744394	 104	   7
303.011731	+38.349579	 105	  18
306.865441	+37.396991	 106	   3
310.695230	+36.342740	 107	   5
305.647985	+40.254230	 108	 180
308.410403	+40.342399	 109	1080
320.203703	+32.457771	 110	  50
325.472157	+30.105602	 111	  90
308.460005	+45.659732	 112	  15
320.200869	+38.091247	 113	  15
320.295166	+38.708523	 114	   9
308.641846	+46.877857	 115	  50
308.080382	+47.356933	 116	   2
314.694146	+44.321772	 117	 240
324.254843	+40.215625	 118	 480
319.607604	+43.937709	 119	 160
315.946453	+49.880638	 120	   1
316.303080	+49.649702	 121	   1
347.197126	+14.924841	 122	  40
325.595085	+44.539961	 123	  13
324.590626	+50.351197	 124	  70
328.388380	+47.271616	 125	   9
338.364728	+38.582119	 126	 160
322.174800	+54.620657	 127	   2
323.036941	+55.859161	 128	   1
317.937388	+59.961211	 129	 140
310.748784	+63.228391	 130	   3
324.751517	+57.485764	 131	 170
334.698785	+56.134675	 132	  90
322.249999	+64.305114	 133	  80
332.874653	+59.410218	 134	 160
335.548674	+58.738258	 135	  15
319.123922	+68.253069	 136	   5
329.280024	+64.693531	 137	  90
338.164862	+58.481687	 138	   1
338.751728	+58.217136	 139	  10
334.782818	+63.285270	 140	  30
337.127087	+61.644562	 141	   5
341.899008	+58.060927	 142	  30
342.562269	+57.712927	 143	   4
341.217498	+59.892161	 144	   4
336.390287	+64.308475	 145	  90
342.359886	+59.929025	 146	   2
343.873868	+58.466697	 147	   2
344.051013	+58.517184	 148	   2
344.101605	+58.533989	 149	   1
337.799917	+65.113876	 150	  40
345.764069	+57.071614	 151	  20
344.657526	+58.785481	 152	   2
344.810317	+58.735881	 153	   5
342.852736	+61.180505	 154	  60
344.182555	+62.617601	 155	  60
346.294087	+60.256258	 156	   2
349.014964	+60.045433	 157	  90
348.418062	+61.510932	 158	  10
348.929882	+61.145276	 159	   7
346.448823	+64.673343	 160	  80
348.872891	+61.861837	 161	  55
350.175647	+61.197564	 162	  40
353.331770	+60.785551	 163	  10
354.606638	+59.970297	 164	   3
354.954579	+61.937305	 165	  10
355.543575	+60.971166	 166	  10
353.843729	+64.852827	 167	   2
358.266000	+60.472859	 168	   7
358.494993	+60.372946	 169	   5
000.426644	+64.623321	 170	  20
001.167793	+67.156633	 171	 180
003.887253	+61.255782	 172	   1
005.466269	+61.738055	 173	  30
356.705345	+80.938745	 174	  10
006.830087	+64.703477	 175	   2
007.913672	+57.285584	 176	  10
007.887865	+62.468959	 177	  40
334.735716	+87.761489	 178	 420
010.105840	+62.865885	 179	   1
012.194561	+62.928918	 180	  15
012.319475	+65.212032	 181	  15
012.569475	+64.744874	 182	   2
013.499199	+65.709651	 183	  35
013.211554	+56.610176	 184	  40
015.000073	+60.989562	 185	 120
017.212954	+63.133958	 186	   1
020.782379	+61.856534	 187	  10
022.663954	+58.366647	 188	   9
033.035555	+64.171596	 189	   2
038.346410	+61.442231	 190	 150
039.163818	+59.637265	 191	   2
041.809009	+61.987869	 192	   1
041.885514	+62.004055	 193	   2
041.832923	+61.937714	 194	   2
040.025135	+59.648739	 195	   3
042.829952	+62.231386	 196	   4
040.480865	+59.645951	 197	   5
042.507532	+59.699903	 198	   9
043.639796	+60.409298	 199	 120
047.687701	+62.815411	 200	   6
045.793134	+60.478263	 201	   5
049.714652	+59.633920	 202	 170
050.504221	+54.877714	 203	  45
058.940131	+57.428875	 204	  40
059.033950	+53.194333	 205	 120
060.804416	+51.329471	 206	  50
065.020612	+53.143608	 207	   4
064.941177	+52.977615	 208	   1
062.762475	+51.162893	 209	  14
067.746149	+52.552866	 210	  20
069.240769	+50.939312	 211	   2
070.157278	+50.380975	 212	   5
065.178988	+44.924832	 213	   1
065.395400	+44.372898	 214	   4
064.387275	+42.614893	 215	   2
071.237586	+46.820811	 216	  80
074.697922	+48.005663	 217	   9
085.318966	+52.188403	 218	  70
074.033349	+47.395118	 219	   3
060.159868	+36.617192	 220	 320
075.416664	+46.348801	 221	 120
067.541024	+35.270013	 222	   6
079.299543	+42.211817	 223	  70
081.817133	+42.971172	 224	  30
081.751547	+40.621607	 225	  10
077.778410	+37.992586	 226	   3
079.971964	+38.955160	 227	  20
078.396330	+37.453364	 228	   8
079.079101	+34.463345	 229	  65
080.626527	+34.131907	 230	 300
084.831516	+35.924944	 231	  12
085.611188	+36.200761	 232	  40
084.679455	+35.793070	 233	   2
082.032403	+34.435130	 234	  12
085.255806	+35.854173	 235	  10
080.640956	+33.365052	 236	  55
082.856030	+34.277206	 237	   7
065.458291	+19.537664	 238	   1
067.822527	+18.116647	 239	   5
085.251385	+28.103714	 240	 180
091.030448	+30.247788	 241	  10
087.964081	+27.010704	 242	   7
084.843850	+23.290712	 243	   6
083.628074	+21.952373	 244	   5
060.639436	 +4.128526	 245	 720
075.540005	+14.095667	 246	  65
092.126455	+21.619971	 247	   9
094.161182	+22.500266	 248	  50
095.242664	+23.089814	 249	  80
070.047230	 +7.362796	 250	  10
068.207676	 +5.862690	 251	  35
092.413953	+20.500451	 252	  40
096.433038	+20.028127	 253	   5
093.087127	+18.043785	 254	  11
093.286374	+17.975180	 255	   3
093.161040	+17.943062	 256	   1
093.211389	+17.975908	 257	   3
093.385818	+17.924212	 258	   1
092.905736	+17.445515	 259	   2
073.782861	 +5.661700	 260	  22
092.238376	+15.801912	 261	  45
076.688544	 +6.167846	 262	  20
080.436209	 +8.399021	 263	  22
083.802264	 +9.933426	 264	 390
079.651644	 +7.439801	 265	  70
094.707702	+15.277921	 266	   1
093.972311	+14.268335	 267	   4
092.562753	+13.331971	 268	  60
093.642730	+13.821511	 269	   4
092.557464	+12.815331	 270	   1
093.727711	+12.353947	 271	   2
093.752538	+12.337039	 272	   1
100.202157	 +9.907991	 273	 250
112.278793	+13.261939	 274	   8
097.928770	 +4.929611	 275	 100
081.867248	 -3.965256	 276	1200
085.181856	 -2.447144	 277	 120
079.951043	 -5.663647	 278	  50
083.834046	 -4.800897	 279	  20
098.580625	 +2.539888	 280	  40
083.727577	 -5.466568	 281	  60
099.495749	 +1.514377	 282	  35
099.663053	 +0.712734	 283	   3
101.258488	 +0.230770	 284	  80
103.801567	 -0.510108	 285	   1
103.638618	 -4.508746	 286	   6
104.886099	 -4.803871	 287	  12
107.141324	 -4.308306	 288	   1
101.485892	 -7.338414	 289	  11
133.546239	 +8.921224	 290	  17
103.854981	 -8.027619	 291	   8
106.107583	-10.448927	 292	  21
105.448871	-11.309457	 293	  11
109.143836	 -9.443748	 294	   7
105.672509	-11.461563	 295	   8
106.450308	-11.218834	 296	 200
106.314353	-12.334281	 297	   7
109.658277	-13.198644	 298	  22
112.665753	-15.292747	 299	   1
112.764720	-15.410309	 300	   3
107.453610	-18.478523	 301	   9
112.924630	-16.978482	 302	  21
103.507591	-22.425031	 303	  90
100.860980	-24.133281	 304	 200
112.533839	-18.525037	 305	   4
112.653127	-19.109470	 306	  30
113.883311	-18.753807	 307	   6
103.540647	-23.942091	 308	  35
113.025398	-19.429497	 309	  12
108.264117	-24.586343	 310	 480
118.086739	-26.441001	 311	  45
134.790618	-25.688470	 312	 720
193.381874	-22.859781	 313	  12
