_RAJ2000	_DEJ2000	HCG	AngSize	Totmag
deg	deg	 	arcmin	mag
---------	---------	---	-----	-----
006.50087	+25.71809	  1	  2.9	 12.8
007.87521	 +8.43120	  2	  7.1	 12.1
008.54780	 -7.59311	  3	  3.8	 12.3
008.56656	-21.44672	  4	  3.6	 12.5
009.72539	 +7.06349	  5	  1.6	 12.5
009.79216	 -8.39543	  6	  1.6	 12.3
009.84963	 +0.87812	  7	  5.7	 11.4
012.40344	+23.58077	  8	  1.2	 12.3
013.57517	-23.55126	  9	  2.1	 13.1
021.53077	+34.69089	 10	 10.9	 10.1
021.64276	-23.23126	 11	  4.9	 12.1
021.89042	 -4.67058	 12	  2.6	 12.9
023.09218	 -7.88112	 13	  2.5	 13.3
029.94840	 -7.02860	 14	  6.7	 12.1
031.91248	 +2.13822	 15	  7.7	 11.7
032.38885	-10.16303	 16	  6.4	 10.2
033.52639	+13.31321	 17	  1.0	 13.7
039.77820	+18.38304	 18	  2.0	 12.7
040.68811	-12.41185	 19	  3.1	 12.1
041.06249	+26.10295	 20	  1.5	 13.0
041.32391	-17.61945	 21	 10.8	 10.1
045.88032	-15.67574	 22	  5.0	 10.5
046.77705	 -9.58551	 23	  7.1	 11.2
050.07867	-10.86468	 24	  2.4	 12.7
050.18223	 -1.05196	 25	  6.4	 11.8
050.47588	-13.64590	 26	  1.9	 12.7
064.83826	-11.70979	 27	  3.8	 14.0
066.83139	-10.31665	 28	  1.2	 13.2
068.69168	-30.54716	 29	  0.8	 14.8
069.11922	 -2.83241	 30	  4.5	 11.6
075.40376	 -4.25672	 31	  0.9	 13.5
075.42872	-15.42001	 32	  3.0	 12.7
077.69970	+18.03463	 33	  2.1	 12.4
080.44760	 +6.67697	 34	  1.2	 12.7
131.33146	+44.52166	 35	  2.2	 12.4
137.34885	+15.79562	 36	  1.9	 12.5
138.39860	+30.01422	 37	  3.2	 11.5
141.91196	+12.28086	 38	  2.9	 12.5
142.37027	 -1.34449	 39	  1.0	 13.9
144.72720	 -4.85191	 40	  1.7	 11.4
149.41485	+45.23947	 41	  4.1	 11.9
150.09096	-19.64918	 42	  6.0	 10.6
152.80751	 -0.03158	 43	  3.5	 12.4
154.50200	+21.81231	 44	 16.4	  9.3
154.79697	+59.10966	 45	  3.4	 13.5
155.50765	+17.81492	 46	  3.6	 12.3
156.45178	+13.73163	 47	  2.3	 12.5
163.95081	-27.08740	 48	  5.0	 11.6
164.15203	+67.17926	 49	  0.9	 14.4
169.27554	+54.91859	 50	  0.7	 14.4
170.58706	+24.29322	 51	  4.5	 11.5
171.57795	+21.08910	 52	  3.2	 12.8
172.24312	+20.77641	 53	 12.9	 11.5
172.31368	+20.57858	 54	  0.7	 14.3
173.03110	+70.81208	 55	  0.9	 13.4
173.13299	+52.94866	 56	  2.1	 12.2
174.46057	+21.98510	 57	  5.5	 11.4
175.54911	+10.31709	 58	  8.8	 12.6
177.10674	+12.72629	 59	  2.1	 12.5
180.77121	+51.69313	 60	  2.3	 13.4
183.09976	+29.17787	 61	  3.8	  9.9
193.28402	 -9.22404	 62	  3.7	 11.6
195.54160	-32.76810	 63	  2.9	 13.1
201.43058	 -3.85772	 64	  1.7	 13.4
202.47472	-29.49955	 65	  1.7	 12.7
204.63983	+57.30439	 66	  1.0	 13.8
207.26472	 -7.20537	 67	  3.3	 11.6
208.42042	+40.32799	 68	  9.2	  9.5
208.87810	+25.06286	 69	  1.9	 12.2
211.05497	+33.32787	 70	  3.4	 12.1
212.76911	+25.48497	 71	  5.0	 12.8
221.98058	+19.05941	 72	  1.8	 11.9
225.66730	+23.35373	 73	  4.8	 12.5
229.86781	+20.89376	 74	  1.9	 12.1
230.39094	+21.18348	 75	  2.2	 12.4
232.92457	 +7.30797	 76	  3.3	 12.3
237.32186	+21.82835	 77	  0.8	 13.8
237.11668	+68.20772	 78	  3.5	 12.7
239.80371	+20.75166	 79	  1.3	 11.3
239.80157	+65.22592	 80	  1.7	 12.6
244.55439	+12.79415	 81	  0.9	 13.3
247.09202	+32.82368	 82	  3.1	 12.2
248.92040	 +6.26991	 83	  1.9	 13.8
251.03389	+77.83621	 84	  2.4	 13.5
282.59326	+73.34993	 85	  1.3	 12.8
297.99671	-30.82601	 86	  4.0	 12.3
312.04950	-19.84068	 87	  1.5	 12.4
313.09506	 -5.75794	 88	  5.2	 11.3
320.04507	 -3.90903	 89	  4.8	 13.7
330.52345	-31.96685	 90	  7.4	  9.1
332.30174	-27.77598	 91	  5.2	 11.7
339.00220	+33.96571	 92	  3.2	 11.1
348.85103	+18.98305	 93	  9.0	 10.9
349.31873	+18.71961	 94	  2.8	 12.3
349.88243	 +9.49179	 95	  1.5	 11.9
351.99294	 +8.77402	 96	  2.3	 11.5
356.86227	 -2.30548	 97	  5.2	 11.5
358.55319	 +0.37322	 98	  2.4	 11.5
000.18203	+28.38886	 99	  2.4	 12.2
000.33657	+13.13250	100	  3.6	 11.5
