_RAJ2000	_DEJ2000	ACO	Dclass	z	m10
deg	deg	 	 	 	mag
--------	--------	----	-	-------	----
000.6390	-47.1549	2713	6	       	18.7
000.6369	-68.0549	2714	6	       	18.0
000.6895	-34.6716	2715	5	       	16.9
000.7147	-27.1716	2716	4	       	16.1
000.8140	-35.9549	2717	3	 0.0498	15.4
000.9131	-41.9383	2718	5	       	17.8
000.9893	-23.1216	2719	5	       	17.5
001.2892	-18.0217	2720	6	       	18.9
001.5366	-34.7217	2721	5	 0.1140	16.8
001.7596	-40.9717	2722	5	       	18.0
001.7595	-77.1383	2723	6	       	18.6
001.8112	-31.8550	2724	6	       	19.3
001.8383	-17.7217	2725	6	       	19.6
001.8368	-28.1217	2726	6	       	18.0
001.8606	-82.0050	2727	6	       	19.1
002.0010	-60.7884	2728	6	       	18.8
002.3627	-16.7885	2729	5	       	18.3
002.4831	-35.6885	2730	5	 0.1140	17.4
002.5489	-56.9885	2731	3	 0.0312	15.1
002.5429	-64.4384	2732	5	       	17.3
002.8074	-34.4385	2733	6	       	18.6
002.8339	-28.8719	2734	4	       	16.1
002.9342	-67.8052	2735	6	       	18.7
003.0038	-42.2386	2736	5	       	16.8
003.0106	-66.3385	2737	6	       	18.6
003.1490	-50.3219	2738	6	       	19.1
003.1860	-18.7053	2739	6	       	19.1
003.1631	-63.2052	2740	6	       	18.6
003.4310	-32.4720	2741	6	       	18.3
003.4839	-23.6387	2742	6	       	19.3
003.4994	-46.3553	2743	6	       	19.2
003.5814	-30.3887	2744	6	 0.3080	19.5
003.5761	-42.6220	2745	6	       	18.0
003.5549	-66.0720	2746	6	       	18.7
003.7812	-29.3721	2747	6	       	19.1
004.0098	-18.2055	2748	6	       	19.5
004.0031	-34.9555	2749	5	       	17.5
004.0021	-37.1388	2750	5	       	17.8
004.0546	-31.3889	2751	5	       	17.6
004.0715	-46.3888	2752	6	       	19.1
004.0690	-49.8555	2753	5	       	17.7
004.2653	-52.8056	2754	6	       	19.1
004.3767	-35.1890	2755	5	       	16.7
004.4586	-19.3057	2756	5	       	17.1
003.9416	-88.1722	2757	5	       	18.1
004.5970	-41.7724	2758	5	       	17.0
004.6282	-30.6724	2759	5	       	17.1
004.7924	-65.5558	2760	5	       	17.8
004.8194	-64.5224	2761	6	       	18.7
004.8606	-53.5391	2762	5	 0.1124	16.9
004.9952	-41.9558	2763	6	       	18.3
005.1135	-49.2226	2764	5	 0.0641	16.7
005.3813	-20.7560	2765	5	       	16.8
005.6743	-32.0895	2766	6	       	19.0
005.6951	-38.1228	2767	5	       	17.8
006.0072	-17.0563	2768	6	       	18.6
006.0426	-39.6396	2769	6	       	18.4
006.0528	-65.9230	2770	5	       	17.8
006.1418	-40.1230	2771	5	       	16.8
006.2431	-37.9897	2772	5	       	17.7
006.2881	-43.4398	2773	6	       	18.5
006.3750	-65.6731	2774	6	       	18.5
006.4376	-68.9398	2775	6	       	19.1
006.5539	-50.4232	2776	6	       	19.1
006.8026	-50.2567	2777	6	       	18.0
007.1463	-30.2402	2778	5	       	16.8
007.2456	-53.1070	2779	6	       	18.0
007.3215	-29.3903	2780	5	       	17.1
007.5278	-20.0738	2781	6	       	19.1
007.5681	-53.3905	2782	5	       	16.3
007.6412	-34.4072	2783	6	       	18.6
007.6954	-29.4406	2784	6	       	18.7
007.7702	-62.6573	2785	6	       	19.0
007.9081	-41.3907	2786	6	       	18.7
007.9868	-55.1907	2787	5	       	17.5
008.0461	-27.5075	2788	6	       	19.3
008.3368	-69.2577	2789	5	       	17.8
008.4433	-50.0744	2790	5	       	17.5
008.5249	-21.5745	2791	6	       	18.9
008.9674	-60.0248	2792	6	       	19.0
008.8124	-82.5914	2793	5	       	17.6
009.1399	-31.0249	2794	6	       	18.6
009.2104	-51.8916	2795	6	       	18.6
009.1750	-64.4749	2796	5	       	17.7
009.2562	-62.6583	2797	6	       	18.1
009.3917	-28.5418	2798	5	 0.1126	17.3
009.3798	-39.1251	2799	4	       	16.0
009.4948	-25.0918	2800	4	       	15.6
009.6405	-29.0753	2801	6	       	18.1
009.7375	-31.6087	2802	6	       	19.0
009.8738	-19.9755	2803	6	       	19.1
009.9149	-28.9088	2804	5	       	17.3
009.8807	-52.1755	2805	6	       	18.4
010.0450	-56.1589	2806	3	 0.0271	15.1
010.1577	-34.6090	2807	6	       	18.2
010.1332	-50.2423	2808	6	       	18.1
010.3687	-43.8425	2809	6	       	18.1
010.3768	-61.0925	2810	5	       	16.6
010.5387	-28.5427	2811	5	       	17.3
010.6263	-38.1594	2812	6	       	18.6
010.8464	-20.6263	2813	6	       	19.4
010.8378	-28.6263	2814	5	       	17.1
011.3744	-16.8768	2815	6	       	19.1
011.4480	-18.0935	2816	5	       	16.7
011.4168	-53.8435	2817	6	       	18.6
011.4509	-50.1268	2818	6	       	19.2
011.4563	-63.5935	2819	4	       	15.8
011.9294	-56.7773	2820	5	       	18.0
011.9731	-64.1940	2821	5	       	17.8
012.0704	-38.4608	2822	6	       	18.6
012.0663	-40.8608	2823	5	       	17.3
012.1432	-21.3442	2824	3	 0.0486	15.3
012.1318	-45.7608	2825	6	       	18.4
012.4030	-62.4278	2826	6	       	19.0
012.6685	-50.2781	2827	6	       	18.8
012.7908	-39.5282	2828	6	       	18.2
012.8327	-28.5282	2829	5	       	17.3
012.7970	-48.5782	2830	6	       	19.0
012.8276	-55.3782	2831	6	       	19.5
013.0138	-23.5951	2832	6	       	19.5
013.1742	-55.6953	2833	6	       	19.1
013.2145	-50.6120	2834	6	       	19.1
013.2488	-46.8620	2835	6	       	19.0
013.4211	-47.6122	2836	4	       	16.1
013.1696	-80.2621	2837	5	       	18.0
013.5384	-39.2457	2838	6	       	18.1
013.5614	-50.9790	2839	6	       	18.0
013.6120	-39.8291	2840	5	       	17.4
013.7658	-48.9459	2841	5	       	16.8
014.0110	-24.1129	2842	6	       	18.9
014.1558	-27.5130	2843	6	       	18.8
014.1519	-30.0630	2844	5	       	17.8
014.1867	-38.7964	2845	6	       	18.4
014.2771	-29.6965	2846	6	       	18.5
014.6683	-34.3303	2847	6	       	18.0
014.6559	-40.7470	2848	6	       	18.3
014.7638	-20.9971	2849	6	       	19.1
014.8267	-29.0472	2850	6	       	18.6
014.9990	-30.4140	2851	5	       	17.8
015.0318	-39.6141	2852	6	       	18.5
015.1075	-39.1475	2853	6	       	18.9
015.2032	-50.5310	2854	4	       	15.6
015.2959	-43.9311	2855	6	       	19.2
015.4073	-38.6646	2856	6	       	18.7
015.5042	-39.9480	2857	6	       	18.8
015.5326	-55.7314	2858	6	       	19.5
015.5611	-67.5815	2859	5	       	16.4
016.0275	-39.7820	2860	4	 0.0268	16.0
016.0947	-51.5488	2861	6	       	19.3
016.2925	-16.7324	2862	6	       	18.1
016.2537	-48.4823	2863	6	       	18.6
016.1849	-66.9323	2864	5	       	16.5
016.5340	-35.9160	2865	5	       	17.7
016.6158	-17.4995	2866	5	       	17.8
016.5878	-33.9828	2867	6	       	18.0
016.6002	-55.7328	2868	6	       	18.0
016.8137	-44.0498	2869	6	       	19.4
016.9300	-46.9166	2870	3	 0.0250	15.0
016.9807	-36.7333	2871	5	       	16.8
017.0399	-43.2167	2872	6	       	19.2
017.1382	-43.7002	2873	6	       	18.9
017.1717	-40.3503	2874	6	       	18.0
017.0611	-65.7002	2875	6	       	18.4
017.2633	-57.2837	2876	6	       	19.3
017.4555	-45.9007	2877	2	 0.0241	14.1
017.5185	-29.6841	2878	5	       	17.7
017.6546	-36.1843	2879	6	       	18.6
017.7181	-49.3344	2880	6	       	18.6
017.8147	-17.0845	2881	3	       	15.4
017.9891	-60.6348	2882	5	       	17.7
018.1027	-36.3516	2883	5	       	17.8
018.2742	-37.6019	2884	6	       	18.6
018.4701	-38.9688	2885	6	       	18.0
018.5154	-48.8856	2886	6	       	18.1
018.6012	-36.2857	2887	5	       	17.7
018.5817	-56.7190	2888	6	       	19.3
018.6908	-48.5025	2889	5	 0.0667	17.6
019.0061	-21.0363	2890	6	       	18.1
019.1952	-37.8699	2891	6	       	18.0
019.2470	-37.0700	2892	5	       	17.6
019.2787	-50.8701	2893	6	       	19.0
019.4025	-22.6369	2894	6	       	19.3
019.5187	-27.0038	2895	6	       	19.3
019.5708	-37.1039	2896	5	 0.0317	17.4
019.5503	-56.6372	2897	6	       	19.1
019.6755	-35.0707	2898	5	       	17.6
019.9164	-64.6545	2899	6	       	18.3
020.2456	-51.4883	2900	6	       	18.6
020.3235	-43.8885	2901	6	       	18.9
020.4298	-20.4219	2902	6	       	19.2
020.4241	-55.7220	2903	6	       	18.9
020.5862	-29.3055	2904	6	       	19.0
020.7642	-46.0225	2905	6	       	19.3
020.8904	-27.0727	2906	6	       	18.9
021.0198	-24.8396	2907	6	       	19.1
021.0006	-33.3563	2908	6	       	18.5
021.0898	-37.3897	2909	5	       	17.7
021.4739	-33.4571	2910	6	       	18.2
021.5116	-37.9738	2911	4	 0.0202	16.1
021.6939	-49.9908	2912	5	       	17.7
021.9709	-34.0413	2913	5	       	17.1
022.1294	-46.8916	2914	6	       	18.0
022.2078	-29.0084	2915	5	       	16.7
022.2563	-46.2585	2916	6	       	18.6
022.4240	-53.3088	2917	6	       	18.6
022.5190	-48.9590	2918	6	       	18.9
022.7360	-27.0927	2919	6	       	18.9
022.8666	-34.6096	2920	6	       	18.6
023.0159	-24.7265	2921	6	       	18.6
023.0791	-29.5933	2922	6	       	18.1
023.0753	-31.0933	2923	5	       	16.8
023.3101	-26.9438	2924	6	       	18.0
023.3552	-45.2105	2925	6	       	19.3
023.4832	-27.5274	2926	5	       	17.7
023.6582	-27.3611	2927	6	       	19.0
023.7826	-27.4947	2928	6	       	18.3
024.1308	-27.8954	2929	6	       	19.2
024.2370	-34.7122	2930	6	       	18.0
024.7712	-30.9466	2931	6	       	18.0
025.0505	-29.0805	2932	6	       	18.0
025.1750	-54.5642	2933	5	 0.0208	16.7
025.2926	-31.7144	2934	6	       	19.0
025.7387	-23.3653	2935	6	       	19.1
025.8236	-37.3488	2936	6	       	19.3
025.8646	-46.2156	2937	6	       	18.5
026.1657	-22.2328	2938	6	       	19.3
026.2031	-17.0329	2939	6	       	19.3
026.3340	-24.7499	2940	6	       	19.0
026.2528	-53.0164	2941	6	       	18.0
026.9403	-21.8345	2942	6	       	18.0
027.0622	-31.9181	2943	6	       	18.5
027.4037	-25.9189	2944	6	       	18.4
027.6250	-27.0860	2945	6	       	19.1
027.8565	-24.5365	2946	6	       	19.4
027.9546	-25.1701	2947	6	       	18.9
028.0570	-32.7037	2948	6	       	19.1
028.4227	-27.2378	2949	6	       	19.1
028.4747	-26.5379	2950	6	       	18.0
028.3283	-58.1711	2951	6	       	18.9
028.5954	-35.6882	2952	5	       	17.9
028.0301	-78.6709	2953	5	       	17.8
028.6165	-71.4720	2954	4	       	16.1
029.2491	-17.0397	2955	5	       	16.9
029.2803	-23.9898	2956	6	       	19.3
028.9696	-79.2731	2957	5	       	18.0
029.6679	-19.1574	2958	6	       	19.3
029.5786	-49.7906	2959	6	       	18.4
029.9075	-38.0247	2960	6	       	18.3
030.0065	-31.2416	2961	6	       	18.0
030.1506	-32.8753	2962	5	       	17.0
030.1894	-35.9920	2963	5	       	17.5
030.2752	-25.0755	2964	6	       	18.9
030.3215	-40.4090	2965	6	       	18.1
030.4366	-21.0093	2966	6	       	18.2
030.7145	-28.2600	2967	6	       	18.1
030.9423	-27.2105	2968	5	       	17.6
030.8914	-41.0938	2969	5	       	17.3
031.2623	-35.6780	2970	6	       	18.1
031.3019	-31.6281	2971	6	       	18.0
031.4166	-27.1117	2972	5	       	17.7
031.6194	-26.0789	2973	6	       	19.1
031.6406	-27.2623	2974	6	       	18.7
031.6608	-28.7457	2975	6	       	18.1
031.6960	-25.5457	2976	6	       	18.8
031.7950	-25.7793	2977	6	       	18.9
032.0240	-31.9133	2978	5	       	18.0
032.2173	-26.3637	2979	6	       	18.0
032.2776	-42.9640	2980	6	       	18.8
032.4885	-27.3644	2981	5	       	18.0
032.6774	-37.0816	2982	6	       	19.2
032.7179	-33.0984	2983	5	       	17.5
032.8630	-40.2821	2984	5	       	17.5
032.9692	-17.0490	2985	6	       	18.4
033.0087	-28.4491	2986	6	       	19.1
033.1355	-53.4829	2987	6	       	18.2
033.2267	-47.1331	2988	5	 0.0649	18.0
033.3610	-27.5667	2989	6	       	19.2
033.5504	-30.4672	2990	5	       	17.5
033.6412	-25.8175	2991	6	       	18.1
033.7133	-26.6677	2992	5	       	17.0
033.7265	-36.5344	2993	6	       	19.5
033.8060	-21.0846	2994	6	       	19.1
033.7942	-24.8345	2995	5	 0.0378	17.8
033.6960	-51.6177	2996	6	       	18.6
033.9185	-51.8183	2997	6	       	19.3
034.0662	-48.2687	2998	6	       	18.8
034.3311	-28.3693	2999	6	       	19.1
034.4103	-19.4195	3000	6	       	19.3
034.4411	-17.4696	3001	6	       	18.2
034.5526	-50.0367	3002	6	       	18.5
034.7281	-28.9704	3003	6	       	19.3
034.7149	-48.0038	3004	5	 0.0635	16.6
034.9605	-19.1044	3005	6	       	19.0
034.9272	-41.0377	3006	5	       	17.9
035.2722	-23.0886	3007	6	       	19.4
035.4304	-40.0224	3008	6	       	18.1
035.5326	-48.5728	3009	4	 0.0631	16.1
035.4140	-63.6893	3010	6	       	18.0
035.7166	-16.7898	3011	6	       	18.7
035.8834	-26.8070	3012	6	       	18.0
035.8741	-41.0070	3013	6	       	18.8
035.9931	-42.1074	3014	6	       	18.6
036.2479	-49.5415	3015	6	       	19.0
036.3424	-42.0084	3016	6	       	19.1
036.4674	-41.9087	3017	6	       	18.7
036.5003	-64.0257	3018	6	       	18.2
036.6433	-56.1260	3019	6	       	19.4
036.8168	-50.0431	3020	6	       	18.9
036.7223	-67.0098	3021	5	       	17.6
037.0895	-24.4271	3022	6	       	19.4
037.1256	-28.2272	3023	6	       	19.5
037.0831	-38.3438	3024	6	       	18.3
037.3526	-27.5779	3025	6	       	19.3
037.5141	-36.7951	3026	6	       	19.2
037.6301	-33.0954	3027	4	       	16.1
037.7268	-27.5956	3028	6	       	18.8
037.7294	-38.6957	3029	6	       	18.4
037.6692	-49.1456	3030	6	       	18.1
037.8870	-56.0297	3031	6	       	19.5
038.6718	-21.5984	3032	6	       	19.1
039.0343	-41.7663	3033	6	       	18.1
039.1289	-32.4999	3034	6	       	19.3
038.9845	-66.6165	3035	6	       	19.2
039.2376	-45.3503	3036	6	       	18.8
037.2097	-85.8475	3037	5	       	18.2
039.4859	-52.4011	3038	6	       	18.0
040.0492	-33.0694	3039	6	       	18.9
040.0309	-55.4195	3040	5	 0.0923	17.3
040.3424	-28.6370	3041	6	       	18.7
040.8234	-26.9051	3042	6	       	18.4
040.9155	-28.8054	3043	6	       	19.4
040.9443	-27.8722	3044	5	       	17.5
040.9119	-51.4556	3045	5	       	16.7
041.3654	-34.2736	3046	6	       	18.2
041.2975	-46.4568	3047	5	       	16.8
041.5218	-20.4740	3048	6	       	19.5
041.3698	-53.1904	3049	6	       	19.4
041.4359	-54.1240	3050	6	       	19.4
041.5242	-57.6410	3051	6	       	18.9
041.8438	-27.5584	3052	5	       	17.5
041.8407	-33.9584	3053	6	       	18.4
042.1675	-27.7428	3054	5	       	17.0
042.0849	-47.8093	3055	5	       	17.8
042.3911	-27.9602	3056	6	       	19.3
042.3046	-48.4100	3057	6	       	18.3
042.5722	-54.9443	3058	6	       	19.4
042.7430	-46.3115	3059	5	       	17.4
042.9001	-48.6953	3060	6	       	18.0
042.7395	-64.7284	3061	6	       	18.8
043.1005	-25.3791	3062	6	       	18.1
043.0490	-36.7290	3063	6	       	18.0
043.3145	-33.4632	3064	6	       	19.4
043.2074	-53.5631	3065	6	       	18.6
042.8482	-79.0631	3066	6	       	19.1
043.6500	-54.1146	3067	6	       	18.0
043.8274	-44.3317	3068	6	       	18.6
043.9849	-22.6654	3069	6	       	18.1
044.1514	-24.7160	3070	5	       	17.5
044.2325	-46.9998	3071	6	       	19.4
044.3277	-47.6001	3072	6	       	18.8
044.5404	-21.0673	3073	5	       	18.1
044.4844	-52.7174	3074	5	       	16.3
044.7575	-23.0014	3075	6	       	19.4
044.6946	-45.0513	3076	6	       	18.6
044.9687	-51.4523	3077	5	       	17.2
045.1146	-51.8362	3078	5	 0.0600	16.8
045.2472	-44.3865	3079	6	       	19.3
045.1202	-66.0532	3080	6	       	18.1
045.5183	-40.9708	3081	6	       	19.2
045.8362	-27.6218	3082	6	       	18.7
046.0082	-22.3723	3083	6	       	19.5
046.0151	-36.9558	3084	6	       	19.0
045.9611	-48.9224	3085	6	       	18.6
046.1985	-24.6397	3086	6	       	18.6
046.4752	-29.7740	3087	6	       	18.5
046.7548	-28.6750	3088	6	       	18.6
047.0388	-36.7094	3089	4	       	15.6
047.1123	-48.2264	3090	6	       	18.6
047.3271	-29.0270	3091	6	       	18.1
047.0159	-65.5765	3092	6	       	18.0
047.7167	-47.3953	3093	4	 0.0585	16.2
047.8608	-26.9289	3094	4	       	16.1
048.1094	-27.1465	3095	4	       	16.1
048.0138	-44.2963	3096	5	       	17.6
048.0067	-63.1133	3097	6	       	19.1
048.4262	-38.3144	3098	5	       	16.7
048.3230	-58.7143	3099	6	       	18.8
048.4608	-47.7979	3100	4	       	15.9
048.5842	-32.1982	3101	6	       	19.5
048.5597	-44.6316	3102	6	       	18.0
048.2169	-69.1976	3103	6	       	18.0
048.5789	-45.4150	3104	4	       	16.0
048.6243	-42.4985	3105	6	       	18.7
048.6296	-58.0987	3106	5	 0.0645	17.5
048.8468	-42.7660	3107	5	       	16.8
048.8109	-47.6326	3108	4	 0.0632	16.0
049.1633	-43.8505	3109	5	 0.0673	16.8
049.1315	-50.9004	3110	4	 0.0755	16.0
049.4486	-45.7349	3111	4	       	16.1
049.4846	-44.2350	3112	4	 0.0703	15.9
049.4488	-48.8182	3113	5	       	17.6
049.5684	-39.1186	3114	6	       	18.1
049.7850	-20.7525	3115	6	       	18.5
049.7430	-42.9359	3116	5	       	17.8
049.7839	-71.9702	3117	5	       	18.0
050.3700	-34.1882	3118	5	       	17.7
049.9836	-68.0874	3119	6	       	18.0
050.4723	-51.3221	3120	5	 0.0696	17.3
050.1348	-70.4881	3121	6	       	18.0
050.5765	-41.3390	3122	4	       	15.6
050.7394	-52.0231	3123	4	 0.0650	16.0
050.8285	-44.5067	3124	6	       	18.2
051.8445	-53.5107	3125	4	 0.0593	15.6
052.1678	-55.7119	3126	5	 0.0862	16.8
052.4469	-17.2792	3127	6	       	19.5
052.5517	-52.5633	3128	3	 0.0554	15.1
052.9343	-30.5979	3129	5	       	17.8
052.9016	-47.0979	3130	6	       	18.0
052.8907	-51.0646	3131	6	       	18.0
053.0493	-44.1985	3132	5	       	18.2
053.1852	-45.9490	3133	4	       	16.0
053.3230	-40.7828	3134	5	       	17.8
053.5094	-39.0002	3135	3	       	15.3
053.0590	-71.8327	3136	5	 0.1203	17.9
053.8171	-18.1012	3137	6	       	18.3
053.7861	-34.5346	3138	6	       	19.2
054.1418	-23.6525	3139	6	       	19.6
054.0722	-40.6357	3140	6	       	18.2
054.2452	-28.0530	3141	5	       	16.6
054.1776	-39.8028	3142	5	       	16.7
053.7921	-71.4689	3143	6	       	18.1
054.2673	-55.0201	3144	4	 0.0423	15.6
054.4635	-38.0206	3145	5	       	17.8
054.5922	-33.1877	3146	5	       	17.1
054.3037	-62.5871	3147	6	       	19.2
054.6697	-32.7213	3148	5	       	17.4
054.2559	-69.5873	3149	6	       	19.3
054.8665	-33.2221	3150	6	       	19.5
055.1156	-28.7064	3151	4	       	15.9
055.0948	-32.5730	3152	5	       	16.8
055.2598	-34.2570	3153	5	       	16.8
055.4970	-32.0580	3154	4	       	16.1
055.0826	-70.0906	3155	6	       	18.1
055.6528	-30.9419	3156	6	       	18.6
055.8829	-29.9428	3157	6	 0.2090	18.6
055.7527	-53.6426	3158	4	 0.0590	15.6
056.0175	-32.6934	3159	5	       	16.9
056.2699	-22.4443	3160	6	       	18.7
056.2247	-35.6443	3161	4	       	16.2
056.2851	-29.4111	3162	6	       	18.8
056.4237	-51.5120	3163	6	       	18.9
056.4572	-57.0456	3164	4	 0.0611	15.5
056.7115	-29.0295	3165	5	       	17.2
056.6906	-32.8128	3166	5	       	17.3
056.9393	-28.4304	3167	6	       	19.2
057.0223	-21.7640	3168	6	       	19.3
057.0860	-33.4811	3169	5	       	17.4
056.9711	-53.8309	3170	6	       	18.9
057.1576	-34.0480	3171	5	       	17.5
057.2018	-38.8983	3172	6	       	18.2
057.3092	-33.7320	3173	5	       	16.8
057.5165	-17.4993	3174	6	       	18.6
057.5640	-18.0329	3175	6	       	18.0
057.7189	-27.3502	3176	6	       	18.6
057.7650	-23.1337	3177	6	       	18.2
057.9298	-19.9677	3178	6	       	19.1
058.0725	-48.6020	3179	6	       	18.0
058.1994	-38.9357	3180	6	       	18.7
058.4249	-30.6865	3181	6	       	18.2
058.5977	-31.0206	3182	5	       	17.3
058.6170	-32.0207	3183	5	       	17.0
058.6316	-37.7375	3184	6	       	19.6
058.7610	-18.4878	3185	6	       	19.3
058.0864	-74.0032	3186	5	       	18.3
059.3380	-28.0569	3187	6	       	18.8
059.4432	-27.0407	3188	5	       	17.0
059.4422	-39.6075	3189	6	       	19.6
059.6167	-22.3747	3190	6	       	19.4
059.2486	-62.8239	3191	5	       	17.2
059.6774	-29.9084	3192	5	       	17.1
059.5544	-52.3415	3193	3	 0.0340	15.4
059.8007	-30.1756	3194	5	       	16.5
059.7960	-35.1756	3195	5	       	16.6
059.9530	-19.9761	3196	6	       	18.0
059.9990	-30.4264	3197	5	       	17.5
060.1643	-27.6104	3198	6	       	18.3
060.2336	-23.8773	3199	6	       	18.8
060.1945	-31.1606	3200	5	       	17.5
060.3042	-19.6442	3201	6	       	18.6
060.0624	-53.6604	3202	4	 0.0388	15.6
060.4080	-33.0615	3203	6	       	18.8
060.3577	-46.8115	3204	5	       	17.7
060.5680	-26.8121	3205	5	       	17.5
059.5031	-78.9266	3206	5	       	18.0
060.7158	-27.1961	3207	6	 0.2120	19.2
060.7408	-27.1962	3208	6	       	18.9
060.6871	-53.5130	3209	6	       	19.3
060.6514	-56.2963	3210	6	       	18.4
060.9163	-27.0636	3211	6	       	18.8
060.9820	-33.0806	3212	6	       	18.0
061.0663	-27.0309	3213	6	       	19.2
061.1999	-41.4816	3214	6	       	19.1
061.1182	-52.8815	3215	6	       	18.0
061.0368	-65.2149	3216	6	       	18.0
061.6210	-30.5499	3217	6	       	18.8
061.9156	-26.9678	3218	6	       	19.4
061.4999	-65.6002	3219	6	       	18.7
060.9634	-78.6827	3220	5	       	18.0
062.1136	-27.3020	3221	6	       	19.3
062.1623	-27.5189	3222	6	       	19.4
062.1438	-30.8188	3223	3	       	15.4
062.3124	-27.4695	3224	6	       	19.3
062.3197	-59.6035	3225	4	 0.0433	15.6
062.9087	-28.0221	3226	6	       	18.1
062.7920	-45.1052	3227	6	       	19.3
062.7821	-48.8552	3228	6	       	18.8
062.7845	-62.7223	3229	5	       	16.8
062.8884	-63.6895	3230	6	       	18.0
062.9670	-64.6065	3231	6	 0.0570	18.2
063.4390	-35.3412	3232	6	       	18.0
063.3902	-45.1578	3233	6	       	19.4
063.3838	-45.8911	3234	5	       	17.3
063.5364	-45.5584	3235	6	       	18.4
063.5555	-46.2085	3236	6	       	18.8
064.1078	-32.2107	3237	6	       	18.7
064.2358	-42.4947	3238	6	       	18.2
064.3627	-38.9452	3239	6	       	18.4
064.3627	-45.2120	3240	6	       	18.8
064.2317	-64.7954	3241	5	       	17.7
064.3093	-63.5956	3242	5	       	17.8
064.7106	-42.4135	3243	6	       	18.7
064.6395	-60.8136	3244	6	       	18.0
064.8628	-45.0809	3245	6	       	18.2
065.2792	-45.9327	3246	6	       	18.0
065.2991	-46.4828	3247	5	       	17.7
065.2460	-65.0498	3248	6	       	18.1
065.7290	-18.8343	3249	6	       	19.3
065.6743	-33.2509	3250	6	       	18.1
065.6491	-63.8016	3251	6	       	18.4
065.9263	-46.1022	3252	6	       	18.7
066.3538	-36.2206	3253	5	       	17.8
066.3695	-46.7376	3254	5	       	18.3
066.7967	-46.4061	3255	6	       	18.2
066.9540	-36.0733	3256	5	       	17.4
066.9926	-34.0235	3257	6	       	18.0
066.9376	-44.6401	3258	6	       	19.4
067.1893	-38.1077	3259	5	       	17.9
067.5917	-21.0093	3260	6	       	19.1
067.3142	-60.3255	3261	6	       	18.9
067.6202	-37.1930	3262	6	       	19.0
067.6638	-38.0765	3263	6	       	18.1
067.8655	-49.3110	3264	5	       	16.5
068.0487	-36.6116	3265	5	       	17.5
067.7906	-61.4777	3266	3	 0.0594	15.3
068.2159	-34.0456	3267	6	       	18.4
068.2057	-35.5789	3268	5	       	17.3
068.2503	-32.5791	3269	5	       	16.6
068.2492	-45.8460	3270	6	       	19.3
068.2871	-49.5462	3271	6	       	18.0
068.1479	-59.6959	3272	6	       	18.6
068.4524	-36.0134	3273	6	       	18.0
068.5066	-35.3803	3274	6	       	18.0
068.5043	-35.7136	3275	5	       	17.5
068.7659	-33.9481	3276	6	       	18.2
068.9293	-35.6489	3277	6	       	18.3
068.9244	-57.9993	3278	5	       	17.8
069.4699	-46.0682	3279	5	       	17.7
069.4657	-48.9849	3280	6	       	18.3
070.2836	-38.3051	3281	6	       	18.8
070.2518	-45.1884	3282	6	       	18.3
070.2692	-48.5052	3283	6	       	19.1
070.3279	-45.0554	3284	6	       	19.1
070.5901	-37.3565	3285	5	       	17.6
070.9945	-24.7081	3286	5	       	18.9
070.7765	-61.7080	3287	6	       	19.0
071.2298	-18.0258	3288	5	       	18.0
071.2413	-33.4760	3289	5	       	17.6
071.8521	-44.8791	3290	6	       	18.1
071.9451	-39.7961	3291	6	       	18.5
072.4780	-44.6820	3292	6	       	18.7
073.2054	-34.7851	3293	6	       	19.3
072.9484	-62.7347	3294	5	       	18.0
073.3743	-31.9359	3295	5	       	17.5
073.7948	-36.2212	3296	5	       	17.8
074.5847	-30.1415	3297	5	       	17.1
074.5659	-57.6920	3298	6	       	19.2
062.6823	-88.7476	3299	5	       	18.0
074.9921	-24.6600	3300	5	       	18.8
075.2001	-38.6779	3301	3	       	15.4
075.1804	-49.0447	3302	6	       	19.5
075.2546	-51.2784	3303	5	       	17.6
075.4209	-35.8455	3304	5	       	18.8
075.4707	-39.2125	3305	5	       	18.9
075.6244	-49.5301	3306	5	       	18.0
075.9372	-29.5979	3307	5	       	17.8
075.9645	-29.2146	3308	6	       	19.5
075.9588	-33.9480	3309	5	       	18.4
076.1135	-33.2321	3310	5	       	18.9
076.0493	-49.4821	3311	5	       	18.5
075.9754	-56.9320	3312	5	       	17.1
076.3193	-32.3497	3313	5	       	18.1
076.4403	-45.4838	3314	5	       	18.7
076.8613	-29.6356	3315	6	       	19.4
076.7172	-47.7519	3316	5	       	18.8
076.8273	-49.1191	3317	5	       	18.2
077.1687	-28.4203	3318	5	       	18.6
077.2637	-25.0374	3319	5	       	18.6
077.0054	-56.5035	3320	6	       	19.6
077.4671	-36.1385	3321	6	       	19.6
077.6405	-45.3229	3322	5	       	18.9
077.8398	-28.9902	3323	4	       	16.1
077.9257	-44.2075	3324	5	       	18.6
078.3576	-30.0927	3325	5	       	17.7
078.1942	-49.6923	3326	6	       	19.2
078.4684	-39.1600	3327	5	       	18.1
078.4673	-42.3101	3328	5	       	18.5
078.6702	-44.7277	3329	5	       	18.6
078.6758	-49.0612	3330	5	 0.0903	17.0
078.8110	-50.3452	3331	5	       	17.7
079.1425	-42.2133	3332	5	       	17.4
074.8845	-86.7037	3333	6	       	19.4
079.4928	-58.5487	3334	5	 0.0953	16.9
080.4506	-31.0027	3335	5	       	18.4
080.3785	-40.8191	3336	5	       	16.6
080.5225	-49.1867	3337	6	       	19.1
080.6575	-48.2707	3338	5	 0.0446	17.3
081.2004	-27.0062	3339	6	       	19.6
081.3508	-30.9070	3340	5	       	18.4
081.3963	-31.5905	3341	2	       	14.6
081.4778	-30.5909	3342	5	       	18.9
081.4681	-47.2079	3343	5	       	18.2
081.6284	-30.4916	3344	5	       	19.0
081.7614	-47.8259	3345	6	       	19.3
081.8163	-47.3595	3346	5	       	19.0
081.8935	-47.1432	3347	5	       	18.2
082.0383	-47.6273	3348	5	       	18.4
082.3905	-47.3956	3349	5	       	17.8
082.6623	-49.9303	3350	5	       	17.9
082.9469	-38.3648	3351	4	       	16.1
083.0633	-47.5655	3352	5	       	18.9
083.3624	-28.9833	3353	6	       	19.2
083.6654	-28.5014	3354	3	       	15.3
083.6907	-32.3016	3355	5	       	18.8
083.7483	-38.1353	3356	4	       	15.9
084.0078	-36.8865	3357	6	       	19.4
084.5613	-20.6223	3358	5	       	17.2
084.3855	-45.3052	3359	5	       	17.6
085.0784	-43.3918	3360	5	       	16.7
085.2307	-48.1594	3361	5	       	17.6
085.2249	-61.7098	3362	5	       	17.1
086.2826	-47.9478	3363	5	       	17.7
086.8927	-31.8838	3364	5	       	18.4
087.0536	-21.9344	3365	5	       	16.6
087.0218	-41.2512	3366	6	       	19.2
087.3391	-24.4691	3367	3	       	15.6
087.6252	-22.5372	3368	4	       	16.1
087.9110	-29.0553	3369	5	       	19.3
088.7145	-32.3259	3370	5	       	16.9
089.0485	-18.3107	3371	5	       	19.2
088.9472	-34.7938	3372	4	       	16.2
089.1494	-18.1445	3373	5	       	19.3
089.2323	-21.2616	3374	4	       	16.1
090.2199	-18.9664	3375	5	       	19.3
090.1816	-40.0499	3376	3	 0.0455	15.3
090.4351	-20.7508	3377	5	       	19.3
091.4685	-35.3060	3378	5	       	18.9
091.5375	-42.2898	3379	4	       	16.3
091.7399	-49.4910	3380	4	 0.0567	15.6
092.4809	-33.5943	3381	2	 0.0282	14.7
092.5249	-37.7945	3382	5	       	18.6
092.6704	-18.9116	3383	5	       	18.2
093.5755	-17.9660	3384	5	       	19.3
094.4351	-52.0208	3385	5	       	17.4
095.4604	-42.6422	3386	5	       	19.3
095.6828	-25.6263	3387	5	       	19.1
095.7056	-43.1934	3388	5	       	19.5
095.4477	-64.9596	3389	2	 0.0248	14.5
096.2545	-37.3459	3390	2	       	14.7
096.5645	-53.6812	3391	4	 0.0531	16.1
096.7686	-35.4817	3392	3	       	15.5
096.4253	-62.8976	3393	6	       	19.3
096.9777	-22.2325	3394	5	       	19.0
096.8797	-54.3994	3395	4	 0.0498	15.9
097.2193	-41.7340	3396	5	       	18.6
097.4094	-52.2352	3397	5	       	16.9
098.8848	-62.6261	3398	5	       	19.2
099.3303	-48.4943	3399	5	       	18.6
100.2065	-46.0485	3400	5	       	18.6
100.1673	-63.4656	3401	5	       	19.2
100.4169	-49.7829	3402	5	       	18.8
100.4645	-49.9998	3403	5	       	17.6
101.3873	-54.2043	3404	5	       	17.1
101.4213	-74.6893	3405	5	       	18.2
104.5786	-49.2026	3406	5	       	18.3
106.2575	-49.0771	3407	3	       	15.4
107.1324	-49.2146	3408	3	       	15.6
126.0693	-17.6128	3409	5	       	17.8
129.5962	-17.9430	3410	6	       	19.3
130.4490	-17.4795	3411	6	       	19.3
130.5236	-17.5965	3412	6	       	19.3
132.2194	-19.0694	3413	6	       	19.4
136.1730	-19.3499	3414	6	       	19.0
137.9684	-21.1892	3415	6	       	18.6
138.8963	-20.7422	3416	6	       	18.7
139.8218	-20.9618	3417	6	       	18.6
140.4443	-21.8971	3418	6	       	18.1
142.1189	-22.7355	3419	6	       	19.3
143.0379	-24.8883	3420	4	       	16.1
144.6250	-29.2929	3421	6	       	18.9
145.0567	-27.7107	3422	6	       	19.1
145.2558	-28.0780	3423	6	       	18.9
145.5835	-27.5122	3424	6	       	19.1
145.8469	-23.6962	3425	6	       	19.1
145.9724	-30.8300	3426	6	       	19.2
147.6784	-22.6511	3427	6	       	19.3
148.2174	-33.7359	3428	5	       	17.3
149.8503	-24.9733	3429	5	       	16.6
150.0825	-22.6572	3430	6	       	18.6
150.2030	-24.2909	3431	6	       	18.1
150.3507	-33.0413	3432	5	       	17.3
150.6073	-31.2752	3433	5	       	17.9
150.8694	-35.2592	3434	5	       	18.9
151.1828	-31.5932	3435	6	       	18.6
151.3076	-31.7435	3436	5	       	17.4
152.9673	-29.9807	3437	6	       	19.5
153.6731	-28.5655	3438	6	       	19.4
153.9519	-27.4328	3439	6	       	19.1
153.9465	-29.3495	3440	6	       	19.2
154.5181	-21.5840	3441	6	       	17.9
154.7571	-26.1512	3442	6	       	18.6
155.2875	-33.7190	3443	5	       	16.4
155.9569	-27.2536	3444	6	       	19.5
156.1007	-29.7873	3445	6	       	19.4
156.7537	-38.1719	3446	6	       	19.1
156.7782	-38.3720	3447	6	       	19.2
157.2679	-33.8729	3448	5	       	17.8
157.2672	-34.1396	3449	6	       	19.4
158.1965	-33.5913	3450	6	       	19.3
158.3514	-31.8249	3451	6	       	19.6
161.8910	-29.6141	3452	6	       	18.0
162.2771	-36.5814	3453	6	       	18.9
161.8956	-81.8479	3454	5	       	18.7
163.1100	-34.2160	3455	6	       	17.4
163.4146	-32.3997	3456	6	       	18.0
163.6560	-23.6500	3457	6	       	19.3
164.8267	-27.8350	3458	6	       	18.9
165.0219	-30.9519	3459	6	       	19.0
165.5543	-27.3025	3460	6	       	18.8
166.0710	-33.2698	3461	6	       	18.7
166.2542	-28.5034	3462	6	       	18.5
166.6270	-44.1872	3463	6	       	19.4
166.9076	-27.3041	3464	6	       	19.0
167.0180	-19.6709	3465	6	       	18.9
167.0778	-30.8543	3466	6	       	17.6
167.1524	-31.2711	3467	6	       	18.7
167.5018	-32.3548	3468	6	       	18.9
167.6273	-32.2383	3469	6	       	19.2
167.7953	-18.7884	3470	6	       	19.3
167.8059	-30.1551	3471	6	       	18.8
168.9339	-30.1896	3472	6	       	19.0
168.9385	-43.7396	3473	5	       	18.0
169.0396	-43.3730	3474	5	       	17.0
169.1891	-43.9899	3475	5	       	18.0
169.3814	-33.1067	3476	6	       	17.7
169.6221	-19.8902	3477	6	       	18.4
169.6163	-25.3569	3478	6	       	18.1
169.7393	-27.4237	3479	6	       	19.6
170.2614	-31.2074	3480	6	       	19.0
170.3606	-32.1742	3481	6	       	18.5
170.7107	-32.9745	3482	6	       	18.0
170.9986	-20.9247	3483	6	       	19.0
171.6234	-22.4085	3484	6	       	18.9
171.7906	-31.4753	3485	6	       	19.5
172.2368	-36.5590	3486	6	       	18.7
172.9943	-31.1928	3487	6	       	18.5
175.1776	-27.7606	3488	6	       	17.5
175.2258	-31.2273	3489	6	       	17.3
176.3275	-34.4444	3490	5	       	16.4
177.2798	-36.5280	3491	6	       	18.4
179.0867	-33.5117	3492	6	       	17.3
179.2635	-22.9450	3493	6	       	18.4
179.2875	-32.1617	3494	6	       	17.7
179.7141	-29.0284	3495	6	       	17.5
179.9649	-23.0450	3496	6	       	18.8
180.0148	-31.3950	3497	4	       	16.0
180.4661	-28.6784	3498	6	       	17.5
180.7167	-27.8950	3499	6	       	18.0
180.7419	-30.1450	3500	5	       	16.7
180.8671	-28.6284	3501	5	       	16.8
181.0426	-28.2450	3502	6	       	18.5
181.0426	-29.1784	3503	6	       	18.5
182.1465	-33.2782	3504	6	       	18.1
182.1718	-34.4449	3505	4	       	16.0
183.2233	-28.6614	3506	6	       	18.0
183.2476	-26.0780	3507	6	       	17.4
183.9521	-33.0112	3508	6	       	17.7
184.0776	-33.2611	3509	5	       	16.5
184.5777	-30.4276	3510	6	       	18.1
184.9369	-43.6442	3511	6	       	18.9
185.4254	-21.5773	3512	6	       	19.6
185.6145	-43.0439	3513	6	       	18.8
185.7031	-25.5272	3514	6	       	18.1
185.9172	-44.5438	3515	5	       	17.2
186.1041	-25.7770	3516	6	       	18.0
187.9525	-17.8426	3517	6	       	18.5
188.0787	-19.2758	3518	6	       	18.5
188.1706	-38.3925	3519	6	       	19.0
188.7091	-24.5421	3520	6	       	18.0
189.1291	-17.5751	3521	6	       	19.0
189.7567	-19.4913	3522	6	       	18.5
189.8051	-17.5412	3523	6	       	18.9
190.0224	-34.2244	3524	5	       	17.0
191.9376	-21.5227	3525	6	       	19.2
192.2158	-41.3058	3526	0	 0.0110	12.9
192.4842	-36.7555	3527	6	       	19.4
193.5759	-29.0210	3528	4	 0.0553	15.9
193.8368	-18.1540	3529	6	       	18.0
193.9037	-30.3540	3530	4	       	15.6
194.2839	-32.9202	3531	5	       	16.7
194.3299	-30.3701	3532	4	       	15.8
194.4171	-21.4200	3533	6	       	19.1
194.4388	-18.9533	3534	6	       	18.0
194.4523	-28.4866	3535	5	       	16.2
195.0395	-18.7359	3536	6	       	19.0
195.2610	-32.4357	3537	2	 0.0167	13.9
195.2689	-21.6190	3538	6	       	18.7
195.7643	-17.7850	3539	6	       	18.0
195.8142	-33.2683	3540	6	       	18.5
195.9242	-24.2515	3541	6	       	18.0
197.1709	-34.5665	3542	4	       	16.1
197.3509	-23.5162	3543	6	       	18.6
197.7696	-32.9990	3544	6	       	19.1
197.8471	-34.0822	3545	6	 0.0385	18.0
198.2649	-29.9815	3546	6	       	17.6
198.3309	-37.3315	3547	6	       	19.5
198.3737	-44.0814	3548	5	       	16.5
198.5896	-29.4477	3549	5	       	16.7
199.3776	-22.2631	3550	6	       	18.6
199.5453	-30.9296	3551	6	       	17.2
199.7227	-31.8126	3552	6	       	17.3
199.8107	-37.1792	3553	4	       	15.9
199.8769	-33.4790	3554	4	 0.0153	16.0
200.1928	-28.9785	3555	4	       	16.0
201.0260	-31.6605	3556	4	       	16.0
201.2201	-28.8768	3557	5	       	16.1
201.9782	-31.4921	3558	3	 0.0482	14.7
202.4748	-29.5246	3559	4	 0.0471	15.3
202.9605	-33.2237	3560	3	 0.0109	14.7
203.3160	-42.8564	3561	4	       	16.1
203.3826	-31.6729	3562	3	 0.0499	15.1
203.4153	-42.5562	3563	5	       	16.8
203.5929	-35.2225	3564	3	       	15.3
204.1661	-33.9714	3565	1	 0.0109	13.7
204.7475	-35.5536	3566	4	       	15.5
204.9509	-36.4532	3567	6	       	17.6
205.2964	-34.6358	3568	6	       	19.1
205.6760	-35.7517	3569	6	       	17.5
206.7115	-37.9162	3570	4	 0.0372	15.5
206.8706	-32.8658	3571	4	       	15.4
207.0477	-33.3821	3572	4	       	15.4
207.1020	-34.6820	3573	6	       	18.3
207.2890	-30.2982	3574	1	 0.0141	13.0
208.1492	-32.8796	3575	4	       	15.5
208.1913	-30.2962	3576	6	       	18.0
208.5849	-27.8453	3577	4	       	15.4
209.3776	-24.7267	3578	3	       	14.7
209.4228	-22.9933	3579	6	       	18.4
210.7272	-23.7235	3580	6	       	18.4
211.8645	-27.0207	3581	3	       	15.2
212.1156	-18.9033	3582	6	       	18.1
212.6013	-22.3021	3583	6	       	17.4
212.7195	-19.9684	3584	6	       	17.6
213.5300	-22.9997	3585	6	       	19.1
213.5832	-23.9829	3586	6	       	18.8
213.7034	-29.9326	3587	6	       	19.6
213.7180	-33.8826	3588	6	       	17.8
213.9283	-46.7154	3589	6	       	19.1
214.4651	-32.5972	3590	6	       	17.7
214.4878	-24.8971	3591	6	       	19.1
214.6546	-22.2800	3592	6	       	19.3
214.7961	-19.4796	3593	4	 0.1196	16.0
215.0912	-17.7454	3594	6	       	19.6
218.1005	-86.9245	3595	5	       	18.8
216.2990	-19.7420	3596	6	       	17.0
216.6976	-19.1242	3597	5	       	16.8
216.8432	-17.7071	3598	6	       	19.2
216.9377	-23.5569	3599	6	       	18.0
217.2538	-27.8893	3600	6	       	19.6
217.9072	-21.5040	3601	6	       	18.4
218.1817	-44.3367	3602	5	       	18.4
218.3214	-31.8029	3603	4	       	15.9
218.3831	-28.4193	3604	6	       	18.9
218.7585	-28.3349	3605	6	       	17.3
219.0340	-28.3007	3606	6	       	17.8
219.9467	-24.6312	3607	6	       	19.3
220.6232	-30.9625	3608	6	       	17.5
222.0882	-27.8411	3609	6	       	19.6
222.1381	-21.4242	3610	6	       	19.3
222.2864	-20.8904	3611	6	       	19.3
223.6922	-28.0692	3612	6	       	17.6
223.7033	-30.6192	3613	6	       	17.5
224.5524	-30.0163	3614	6	       	17.6
225.7343	-80.5642	3615	5	       	18.2
227.3268	-28.7234	3616	6	       	19.5
228.7908	-19.9014	3617	6	       	18.7
230.0308	-28.5636	3618	6	       	19.3
231.0520	-32.4098	3619	6	       	19.4
231.6638	-18.6740	3620	6	       	19.3
232.1668	-24.8722	3621	6	       	18.7
232.9405	-18.7691	3622	6	       	19.3
234.5154	-23.9131	3623	6	       	19.2
239.1856	-83.4982	3624	5	       	17.0
243.2517	-86.8026	3625	5	       	18.0
245.3914	-83.7891	3626	5	       	17.7
243.8868	-60.9083	3627	1	 0.0143	14.2
247.7550	-75.1757	3628	5	       	18.0
249.8122	-82.4687	3629	5	 0.0854	18.0
249.9300	-75.9994	3630	5	       	17.5
278.5368	-78.7969	3631	5	       	17.9
279.9286	-46.3209	3632	5	       	18.8
283.3612	-44.8712	3633	5	       	18.4
284.7507	-54.9315	3634	5	       	19.6
284.6857	-42.1982	3635	5	       	19.3
285.2362	-45.0956	3636	5	       	18.7
289.2471	-73.7118	3637	5	       	18.9
291.3832	-42.9505	3638	5	       	17.0
292.0106	-50.9478	3639	6	       	19.2
293.7195	-79.5759	3640	5	       	18.3
293.5293	-42.9075	3641	5	       	19.1
294.1143	-61.6221	3642	6	       	19.4
295.5546	-53.2821	3643	6	       	19.5
296.6456	-79.9797	3644	5	       	17.6
295.9530	-56.9471	3645	6	       	19.0
295.9061	-40.5302	3646	6	       	19.6
296.1043	-57.0631	3647	6	       	19.1
295.9967	-45.4799	3648	5	       	18.9
297.4454	-27.5400	3649	5	       	18.5
301.7777	-86.8140	3650	5	       	18.6
298.0453	-55.0879	3651	3	 0.0588	15.4
298.1922	-63.7376	3652	5	       	17.5
298.1573	-52.0207	3653	5	 0.0475	16.8
299.8105	-34.9133	3654	5	       	18.1
301.4972	-82.2429	3655	6	       	19.2
300.1338	-38.5287	3656	1	 0.0185	13.5
300.4009	-29.2108	3657	5	       	17.9
300.6267	-29.4098	3658	5	       	17.7
300.6557	-30.1264	3659	5	       	17.2
301.4501	-52.2734	3660	6	       	19.4
301.5804	-41.9393	3661	6	       	19.2
302.0282	-67.9049	3662	5	       	17.7
301.8271	-52.5552	3663	6	       	19.3
303.5044	-80.6505	3664	5	 0.0369	18.2
302.4570	-53.1692	3665	6	 0.2370	19.0
304.0446	-80.7984	3666	5	       	18.6
303.1254	-56.8166	3667	3	 0.0530	15.3
302.9988	-41.4834	3668	5	       	17.6
303.1753	-38.1660	3669	6	       	19.2
303.5743	-29.7476	3670	5	       	18.7
303.7329	-39.4804	3671	5	       	17.5
305.0195	-41.5586	3672	5	       	18.6
305.2096	-46.7579	3673	6	       	19.6
305.2233	-30.0410	3674	6	       	19.3
305.4687	-52.9403	3675	5	       	18.6
306.3329	-40.3534	3676	5	 0.0404	18.1
306.5891	-33.3523	3677	5	 0.0330	16.8
306.8036	-31.5181	3678	5	       	18.1
307.3207	-70.4003	3679	6	       	19.5
307.4654	-69.5330	3680	6	       	19.6
307.1135	-33.4169	3681	5	       	17.4
307.3088	-36.9662	3682	4	       	16.2
307.3087	-32.6161	3683	5	       	18.0
308.2479	-78.0976	3684	5	       	17.5
308.0494	-56.4303	3685	5	 0.0620	18.1
307.9757	-26.4135	3686	5	       	18.3
308.3496	-63.0293	3687	4	 0.0759	16.3
308.2009	-39.9961	3688	5	       	18.1
308.4424	-56.0121	3689	5	       	17.8
308.4712	-35.2617	3690	5	       	17.1
308.5376	-38.0281	3691	5	       	16.5
308.6917	-51.5110	3692	5	       	17.0
308.5916	-34.4945	3693	5	       	16.8
308.6641	-34.0776	3694	5	       	17.0
308.6990	-35.8275	3695	4	       	16.1
308.7935	-34.9104	3696	5	       	16.7
309.1507	-56.9261	3697	5	       	18.0
308.9939	-25.2762	3698	3	       	14.9
309.1822	-37.3923	3699	5	       	18.2
309.2628	-34.0586	3700	5	       	17.7
310.0040	-71.2734	3701	6	       	19.1
309.6259	-36.5073	3702	6	       	19.4
310.0103	-61.3396	3703	5	 0.0708	16.4
310.0979	-31.5888	3704	5	       	17.7
310.4169	-35.2376	3705	5	       	16.5
310.5596	-38.3371	3706	4	 0.0200	16.1
310.5682	-25.6203	3707	5	       	18.4
310.7938	-54.9032	3708	5	       	19.0
310.6524	-32.6534	3709	5	       	18.9
316.4766	-87.7918	3710	6	       	19.1
311.6343	-29.4331	3711	5	       	18.9
311.7998	-32.5992	3712	5	       	17.8
311.8818	-33.9822	3713	6	       	19.1
311.9972	-26.9984	3714	6	       	19.6
312.4629	-30.4968	3715	6	       	19.3
312.8866	-52.7122	3716	3	 0.0456	14.9
313.5717	-37.4262	3717	6	       	18.1
313.9793	-54.9250	3718	5	       	17.8
314.0022	-42.6580	3719	6	       	19.1
314.1574	-47.0242	3720	6	       	19.2
314.2293	-43.0906	3721	6	       	19.1
314.6251	-66.3730	3722	6	       	19.4
314.4049	-43.2566	3723	6	       	18.9
314.6486	-42.4058	3724	6	       	19.2
314.6794	-46.8724	3725	6	       	18.5
314.8209	-21.8717	3726	6	       	19.6
314.8884	-36.5216	3727	6	       	18.3
316.3015	-82.7358	3728	5	       	17.5
314.9309	-24.3380	3729	5	       	18.8
315.0056	-35.1045	3730	6	       	18.5
315.2243	-38.6537	3731	5	       	17.6
315.3805	-55.6701	3732	6	       	19.4
315.4959	-28.0527	3733	3	 0.0386	15.4
315.5176	-27.3026	3734	5	       	17.3
315.7450	-42.3853	3735	6	       	18.3
315.8257	-43.3184	3736	6	 0.0487	18.0
315.7923	-32.8184	3737	6	       	19.3
315.9024	-43.6181	3738	6	       	19.3
316.0628	-41.3842	3739	6	       	18.7
316.4966	-38.8161	3740	5	       	17.9
317.7949	-82.1638	3741	5	       	17.4
316.6740	-47.1489	3742	3	 0.0165	15.1
316.5898	-27.1157	3743	6	       	19.2
316.8076	-25.4816	3744	2	       	14.5
316.9250	-47.4147	3745	6	       	18.8
317.0552	-36.0142	3746	6	       	18.2
317.1724	-43.4972	3747	3	 0.0306	15.0
318.0555	-78.2288	3748	5	       	18.8
317.5613	-45.8126	3749	5	 0.0320	17.6
318.5101	-49.5928	3750	6	       	18.5
318.5638	-42.8759	3751	5	       	17.0
318.5613	-27.1258	3752	5	       	17.3
318.6348	-26.7923	3753	6	       	18.1
318.8542	-45.4750	3754	6	       	18.0
318.8658	-43.3750	3755	5	       	16.9
318.9360	-42.6081	3756	4	       	16.2
319.6497	-45.2391	3757	5	       	17.8
320.1567	-26.7374	3758	6	       	18.1
320.4326	-33.0699	3759	6	       	19.4
320.8226	-70.5359	3760	6	       	19.4
321.4849	-76.5843	3761	5	       	18.0
322.8468	-84.8319	3762	6	       	19.1
324.5261	-87.2127	3763	5	       	18.2
321.4624	-34.7167	3764	5	       	16.6
321.7981	-53.0825	3765	6	       	19.6
321.7934	-49.2658	3766	6	       	19.1
321.8015	-42.6658	3767	5	       	17.4
322.2314	-72.8984	3768	6	       	19.3
321.9777	-32.8152	3769	6	       	19.0
322.1818	-20.8811	3770	6	       	18.0
322.3771	-50.8141	3771	4	 0.0796	16.1
322.3998	-42.7473	3772	5	       	17.0
322.3531	-19.8806	3773	6	       	19.1
322.7867	-45.0628	3774	5	       	17.2
322.9012	-43.3125	3775	5	       	17.5
323.1776	-68.7454	3776	6	       	19.1
323.2074	-52.0283	3777	6	       	19.3
323.1114	-22.6451	3778	5	       	17.4
324.9858	-85.0423	3779	5	       	18.8
323.6318	-72.6942	3780	6	       	19.5
323.6584	-66.8439	3781	5	       	16.6
323.6316	-62.0272	3782	4	 0.0557	16.1
323.4953	-42.6440	3783	6	 0.1955	18.5
323.4821	-28.5440	3784	6	       	19.0
323.6182	-53.6271	3785	4	 0.0775	16.0
324.6148	-82.0589	3786	5	       	18.6
323.9669	-37.2426	3787	6	       	19.6
324.2720	-32.8251	3788	5	       	17.8
324.5580	-67.2580	3789	6	       	18.8
324.4624	-41.7912	3790	6	       	18.9
324.4679	-42.8579	3791	6	       	18.7
324.4940	-47.3912	3792	6	       	18.6
324.8495	-52.0736	3793	5	       	17.2
324.7493	-27.1570	3794	6	       	19.6
324.7678	-32.0736	3795	5	       	16.8
324.8693	-51.3902	3796	5	 0.0756	16.9
324.8240	-27.1068	3797	6	       	18.9
324.9901	-47.1064	3798	6	       	19.2
325.4100	-72.7224	3799	3	       	15.4
325.4224	-44.3552	3800	6	       	18.0
328.8643	-86.7660	3801	6	       	19.1
326.4276	-46.0191	3802	6	       	18.0
326.4756	-53.3524	3803	6	       	18.6
326.3917	-25.9024	3804	5	       	17.9
326.4169	-25.9690	3805	6	       	18.0
326.6579	-57.2853	3806	4	 0.0747	16.0
326.6077	-23.2852	3807	5	       	18.3
326.6180	-26.4185	3808	6	       	18.9
326.7398	-43.9016	3809	4	       	15.9
327.0139	-64.4677	3810	6	       	19.4
326.9317	-47.1011	3811	6	       	19.6
327.0145	-32.7175	3812	5	       	16.4
327.1605	-31.7504	3813	5	       	16.8
327.2814	-30.7001	3814	5	       	17.4
327.4162	-33.4497	3815	6	       	19.1
327.6098	-55.3160	3816	3	 0.0352	15.1
327.7954	-50.0155	3817	6	       	18.3
327.8581	-48.0486	3818	6	       	18.2
328.0933	-53.5647	3819	6	       	18.6
328.1339	-48.3979	3820	6	       	18.4
328.2842	-43.9975	3821	5	       	17.8
328.5260	-57.8470	3822	4	 0.0760	16.2
328.4126	-33.1971	3823	6	       	18.5
329.2391	-26.8783	3824	6	       	19.1
329.5933	-60.3943	3825	4	 0.0744	15.8
329.9772	-56.1600	3826	3	 0.0754	14.9
330.4326	-59.9422	3827	5	 0.0993	16.4
330.3926	-20.3421	3828	6	       	19.0
330.6889	-41.6415	3829	6	       	19.3
330.9207	-61.5911	3830	6	       	19.0
330.8327	-45.8245	3831	6	 0.0650	19.0
331.3206	-30.4566	3832	6	       	18.0
331.3706	-30.4898	3833	5	       	17.6
331.4386	-47.5231	3834	6	       	18.2
331.4754	-39.0563	3835	6	       	18.6
332.3580	-51.8209	3836	5	       	17.2
332.3087	-27.3210	3837	5	       	17.5
332.5105	-28.0872	3838	6	       	19.1
332.6153	-48.9203	3839	5	       	17.7
332.6494	-39.8702	3840	6	       	18.0
332.8623	-48.5864	3841	6	       	18.3
332.8693	-38.7364	3842	6	       	18.2
332.9719	-50.4862	3843	6	       	18.9
333.3788	-34.7519	3844	5	       	16.8
333.6297	-47.8181	3845	6	       	18.5
333.5802	-27.0681	3846	6	       	19.0
333.6294	-17.0180	3847	6	       	19.3
333.8334	-43.2676	3848	6	       	18.8
333.9725	-51.5507	3849	4	 0.0678	15.8
334.1076	-53.4004	3850	5	       	17.3
334.1773	-52.5836	3851	4	 0.0529	15.8
334.0842	-19.3170	3852	6	       	19.1
334.1418	-39.2669	3853	6	       	18.6
334.4287	-35.7163	3854	5	 0.1214	17.2
334.6291	-43.0159	3855	6	       	19.3
334.6885	-38.8991	3856	5	       	17.9
334.8103	-38.0822	3857	6	       	19.2
334.8741	-34.7154	3858	6	       	18.0
334.9064	-37.0153	3859	6	       	18.9
335.0013	-57.0985	3860	6	       	18.8
334.9567	-37.1485	3861	5	       	17.8
334.9897	-45.9485	3862	6	       	18.2
335.0041	-49.0818	3863	6	       	18.7
335.0467	-52.4817	3864	5	       	16.6
335.2571	-71.9148	3865	6	       	19.3
335.1248	-35.1648	3866	5	       	17.7
335.3281	-57.6645	3867	5	       	16.6
335.3086	-50.3145	3868	6	       	19.2
335.3607	-55.1311	3869	3	 0.0396	15.1
335.4698	-52.5809	3870	6	       	19.0
335.7055	-58.3471	3871	6	       	19.3
335.8171	-52.4468	3872	6	       	19.3
335.7811	-29.3135	3873	6	       	18.9
335.9726	-42.7631	3874	6	       	18.5
336.5168	-57.2288	3875	5	       	17.7
336.5651	-47.7453	3876	6	       	18.1
336.5703	-48.9120	3877	5	       	17.1
336.7107	-31.9450	3878	5	       	17.4
336.9575	-69.0280	3879	4	 0.0224	16.0
336.9564	-30.5778	3880	4	       	15.6
337.0641	-33.5443	3881	6	       	18.7
337.4215	-36.5269	3882	6	       	19.2
337.5371	-48.1768	3883	5	       	17.4
337.8995	-62.8095	3884	6	       	18.6
337.8032	-30.1929	3885	6	       	19.1
337.9171	-54.7427	3886	4	 0.0750	16.0
338.2013	-39.0422	3887	6	       	18.5
338.5960	-37.7248	3888	5	 0.1680	17.6
338.7017	-30.5579	3889	6	       	19.4
339.3304	-58.5735	3890	6	       	19.0
339.4390	-59.9733	3891	5	       	17.0
339.4750	-30.7065	3892	5	       	17.9
339.5099	-23.9065	3893	6	       	18.6
339.5810	-22.0730	3894	6	       	19.0
339.7142	-36.6895	3895	4	       	15.5
339.7422	-37.8228	3896	5	       	17.9
339.8215	-17.3893	3897	5	       	16.6
340.1017	-62.4056	3898	5	       	17.1
340.0682	-38.5889	3899	5	       	17.8
340.0587	-23.8389	3900	6	       	19.1
340.3649	-37.7884	3901	6	       	19.3
340.4782	-42.6049	3902	6	       	18.5
341.1191	-30.0538	3903	6	       	19.0
341.1781	-43.5371	3904	6	       	18.8
341.2498	-55.6203	3905	6	       	19.1
341.2796	-60.7703	3906	6	       	18.0
341.3438	-62.8035	3907	5	       	17.4
341.3818	-45.0367	3908	5	       	17.7
341.4293	-44.2867	3909	6	       	19.2
341.4844	-45.9866	3910	5	       	17.5
341.5345	-52.7198	3911	5	 0.0381	17.1
341.6063	-36.0864	3912	4	       	15.6
342.5694	-84.3688	3913	5	       	18.5
341.8720	-60.3527	3914	6	       	19.3
341.9044	-52.0526	3915	5	       	17.1
342.0866	-71.9191	3916	5	       	17.5
342.0700	-31.7356	3917	6	       	19.3
342.1882	-28.5688	3918	6	       	18.6
342.3142	-59.6687	3919	6	       	18.9
342.2660	-40.9187	3920	6	       	18.3
342.4459	-64.3851	3921	5	       	16.7
342.4252	-51.7685	3922	5	       	17.5
342.4955	-60.9184	3923	6	       	18.0
342.9758	-62.3510	3924	6	       	18.8
342.9542	-46.5843	3925	4	 0.0516	16.2
342.9459	-33.3843	3926	6	       	18.8
343.1379	-60.5674	3927	6	       	18.5
343.0709	-33.5842	3928	6	       	18.1
343.0931	-32.2675	3929	6	       	19.1
343.1408	-31.1674	3930	6	       	18.9
343.4121	-71.5504	3931	5	       	17.5
343.5082	-72.9837	3932	5	       	17.6
343.3470	-34.5004	3933	6	       	19.0
343.3952	-33.7170	3934	6	 0.2240	19.3
343.5690	-62.1168	3935	5	       	17.8
343.4974	-34.9169	3936	5	       	18.0
343.5754	-46.3501	3937	6	       	19.3
343.7576	-55.5832	3938	6	       	18.3
343.7698	-58.1999	3939	5	       	17.5
343.8558	-60.3664	3940	6	       	18.2
343.9831	-60.9496	3941	6	       	18.3
344.2667	-74.1493	3942	6	       	18.9
344.0582	-28.3994	3943	6	       	19.3
344.1064	-40.0160	3944	6	       	18.3
344.4032	-39.0990	3945	6	       	19.4
344.4810	-56.3656	3946	6	       	18.9
344.5417	-58.7488	3947	6	       	18.0
344.6538	-26.6820	3948	6	       	19.3
344.6932	-19.9819	3949	6	       	18.9
344.9769	-56.2316	3950	6	       	18.4
344.9159	-18.6316	3951	5	       	17.8
345.0417	-45.7815	3952	5	       	17.8
345.0653	-45.3148	3953	6	       	18.9
345.2480	-61.0646	3954	6	       	18.2
345.2096	-43.3146	3955	6	       	19.0
345.3100	-43.6645	3956	5	       	17.3
345.5409	-60.1809	3957	6	       	19.4
345.5806	-29.1975	3958	6	       	19.1
345.6127	-33.3974	3959	5	       	17.4
345.7151	-34.9306	3960	6	       	18.5
345.7705	-37.8472	3961	6	       	19.4
345.8478	-39.1638	3962	6	       	19.3
345.9586	-44.3137	3963	5	 0.0890	16.8
346.0907	-19.9135	3964	6	       	18.1
346.3557	-53.0299	3965	6	       	19.2
346.4084	-60.1131	3966	5	       	17.7
346.4109	-60.6465	3967	6	       	18.3
346.3956	-39.1131	3968	6	       	18.6
346.4062	-44.1465	3969	5	 0.0699	17.0
346.4584	-45.2131	3970	5	       	17.3
346.5103	-60.6964	3971	6	       	18.0
346.4813	-44.3630	3972	5	       	17.4
346.9363	-55.7625	3973	6	       	19.1
347.0222	-67.4791	3974	6	       	19.5
346.9972	-58.6791	3975	6	       	18.5
347.1061	-60.8623	3976	6	       	18.7
347.5187	-40.4285	3977	6	       	19.0
347.8490	-28.7949	3978	6	       	18.3
348.3355	-67.9777	3979	6	       	19.3
348.2474	-28.3611	3980	6	       	19.3
348.3853	-58.4276	3981	6	       	19.4
348.6293	-67.5941	3982	5	       	17.8
348.6279	-63.0441	3983	6	       	18.6
348.8340	-37.7939	3984	6	       	18.3
348.9895	-23.3271	3985	5	       	16.8
349.2888	-74.6768	3986	5	       	17.8
349.2014	-48.2768	3987	5	       	17.3
349.3734	-73.5934	3988	6	       	18.0
349.5284	-35.6765	3989	6	       	19.3
349.6930	-67.7764	3990	6	 0.0286	19.0
349.7216	-57.4264	3991	6	       	18.1
350.1080	-73.2927	3992	5	       	16.5
350.0302	-52.1261	3993	6	       	19.2
350.2762	-66.0092	3994	6	       	19.3
350.3972	-69.6925	3995	6	       	18.8
350.3355	-22.1092	3996	6	       	18.4
350.3376	-24.1758	3997	6	       	18.1
350.4090	-41.8924	3998	5	       	17.7
350.7003	-51.7922	3999	5	       	18.0
350.7557	-40.6421	4000	6	       	19.2
350.8508	-61.4587	4001	6	       	18.8
351.2129	-65.3418	4002	6	       	18.9
351.1847	-23.1085	4003	6	       	19.0
351.1992	-36.9585	4004	6	       	19.0
351.5731	-53.3415	4005	6	       	18.7
351.8946	-62.4079	4006	6	       	19.0
352.1449	-68.9244	4007	5	       	17.7
352.5717	-39.3241	4008	5	       	16.7
352.6367	-29.2741	4009	5	       	17.6
352.7929	-36.5073	4010	5	       	16.7
352.9155	-34.4406	4011	6	       	18.2
352.9399	-33.8239	4012	6	       	19.2
352.9661	-35.2739	4013	6	       	18.9
353.1075	-25.4905	4014	5	       	17.6
353.1176	-37.4405	4015	6	       	18.4
353.7267	-69.3234	4016	5	       	16.4
353.7643	-66.3734	4017	6	       	19.6
353.8566	-52.3067	4018	5	       	17.5
354.0894	-57.9232	4019	6	       	18.9
354.4669	-69.2897	4020	6	       	18.0
354.5379	-38.1063	4021	5	       	17.2
354.6001	-50.8563	4022	6	       	18.6
355.0874	-85.2061	4023	6	       	19.2
354.9612	-69.4895	4024	6	       	19.3
354.9467	-49.6395	4025	6	       	18.2
355.2348	-37.5227	4026	5	       	16.4
355.4262	-55.9726	4027	6	       	19.4
355.8107	-63.7891	4028	6	       	18.1
355.9077	-38.2724	4029	5	       	17.7
356.2895	-50.3223	4030	6	       	19.2
356.3496	-24.4889	4031	6	       	19.2
356.5474	-19.7889	4032	6	       	18.1
356.5791	-64.4222	4033	6	       	19.3
356.6639	-52.3055	4034	6	       	18.7
356.6776	-33.6055	4035	6	       	18.9
356.7993	-62.7721	4036	6	       	19.0
356.8000	-28.3221	4037	6	       	18.7
356.9246	-28.1388	4038	2	 0.0283	14.0
357.0525	-36.2720	4039	6	       	19.0
357.0798	-67.7887	4040	6	       	19.6
357.1742	-28.7887	4041	6	       	19.0
357.2002	-31.7720	4042	6	       	19.6
357.2249	-31.2887	4043	6	       	19.1
357.3481	-26.9886	4044	5	       	17.7
357.5704	-19.1886	4045	5	       	17.5
357.6025	-41.5719	4046	6	       	19.2
357.6490	-68.4385	4047	6	       	19.2
357.7009	-38.4219	4048	6	       	18.5
357.8971	-28.3719	4049	3	 0.0283	14.8
358.0430	-67.6718	4050	6	       	19.5
358.3842	-62.7384	4051	5	       	17.8
358.5365	-78.9884	4052	5	       	18.1
358.6949	-27.6717	4053	5	       	16.6
358.7948	-28.5384	4054	5	       	18.2
358.8435	-21.1884	4055	6	       	18.8
358.9957	-37.2883	4056	6	       	18.5
359.1228	-79.4216	4057	5	       	18.0
359.1450	-36.6217	4058	6	       	18.4
359.1696	-34.6717	4059	3	 0.0456	15.3
359.2795	-69.4716	4060	6	       	18.6
359.2929	-23.5383	4061	6	       	19.1
359.4253	-65.2216	4062	6	       	19.1
359.5677	-27.7383	4063	6	       	18.9
359.6465	-59.9883	4064	6	       	18.1
359.6919	-21.2550	4065	6	       	18.5
359.7246	-71.5049	4066	5	       	17.6
359.7458	-60.6716	4067	5	       	16.9
359.9422	-39.4716	4068	5	       	16.7
000.0163	-21.3883	4069	6	       	18.7
000.0665	-30.3716	4070	6	       	18.0
000.0913	-28.1049	4071	6	       	19.6
000.1660	-21.1049	4072	6	       	18.6
000.1665	-46.5549	4073	6	       	19.1
000.1912	-36.4049	4074	5	       	17.1
000.2660	-46.7382	4075	6	       	19.0
000.4401	-48.2382	4076	6	       	18.7
