_RAJ2000	_DEJ2000	Arp	Name	Size
deg	deg	 	 	arcmin
---------	---------	---	-----------------	----
141.15750	+49.35667	  1	NGC 2857         	 5.2
244.07500	+47.04667	  2	UGC 10310        	 3.5
339.14250	 -2.90500	  3	MCG-01-57-016    	 5.2
027.10750	-12.38167	  4	MCG-02-05-50+A   	 3.5
171.10250	 +3.32667	  5	NGC 3664         	 2.6
123.31000	+45.99167	  6	NGC 2537         	 2.6
132.57250	-16.57667	  7	MCG-03-23-009    	 2.6
020.59750	 -0.87500	  8	NGC 0497         	 3.5
123.74750	+73.58000	  9	NGC 2523         	 3.5
034.61000	 +5.65333	 10	UGC 01775        	 2.6
017.34750	+14.33667	 11	UGC 00717        	 5.2
128.82250	+28.47333	 12	NGC 2608         	 3.5
345.01000	+15.99000	 13	NGC 7448         	 2.6
338.94000	-26.05000	 14	NGC 7314         	 5.2
342.91500	 -5.55833	 15	NGC 7393         	 2.6
170.06250	+12.98833	 16	MESSIER 66       	10.4
116.13750	+73.83000	 17	UGC 03972        	 2.1
181.39750	+50.54167	 18	NGC 4088         	 5.2
007.93750	 -5.15333	 19	NGC 0145         	 2.6
064.97500	 +2.09500	 20	UGC 03014        	 2.1
166.24500	+30.02667	 21	CGCG 155-056     	 2.1
179.87750	-19.26333	 22	NGC 4027         	10.4
190.38500	+41.15000	 23	NGC 4618         	20.8
163.65250	+56.99000	 24	NGC 3445         	 3.5
111.80500	+85.75500	 25	NGC 2276         	 5.2
210.80250	+54.35000	 26	MESSIER 101      	32.4
170.26000	+53.17167	 27	NGC 3631         	 5.2
352.11500	+22.42167	 28	NGC 7678         	 2.6
308.71750	+60.15333	 29	NGC 6946         	20.8
260.68000	+62.17333	 30	NGC 6365A + B    	 2.6
027.78500	+21.91333	 31	IC 0167          	 3.5
258.28250	+59.32333	 32	UGC 10770        	 2.1
204.35000	 +6.43667	 33	UGC 08613        	 3.5
190.40500	+26.07167	 34	NGC 4615+13+14   	 5.2
005.59500	 -1.30333	 35	UGC 00212 +comp  	 5.2
203.56250	+31.42500	 36	UGC 08548        	 2.6
040.67000	 +0.01333	 37	MESSIER 77       	 3.5
262.40000	+75.70500	 38	NGC 6412         	 3.5
052.42500	-22.27833	 39	NGC 1347         	 3.5
202.33500	+37.40833	 40	IC 4271          	 2.1
047.44000	-20.57833	 41	NGC 1232 + A     	10.4
225.67500	+23.33167	 42	NGC 5829+IC4526  	 3.5
156.06500	+16.74333	 43	IC 0607          	 2.6
156.38750	 -2.22167	 44	IC 0609          	 3.5
214.96250	+51.90500	 45	UGC 09178        	 2.6
353.42250	+30.04333	 46	UGC 12665        	 2.1
221.80250	+18.85833	 47	CGCG 105-026     	 2.6
019.98500	+12.34500	 48	CGCG 436-026     	 2.1
218.10750	 +8.08000	 49	NGC 5665         	 2.6
359.49250	-14.03000	 50	IC 1520          	 2.1
001.57000	-13.44833	 51	MCG-02-01-24     	 2.1
079.93250	 +3.71667	 52	CGCG 421-027     	 2.1
158.82250	-17.27500	 53	NGC 3290         	 2.6
036.00750	 -4.69333	 54	MCG-01-07-007    	 2.6
138.98250	+44.33167	 55	UGC 04881        	 2.6
029.35750	+17.21667	 56	UGC 01432        	 2.1
199.16750	+14.43667	 57	MCG+03-34-012    	 2.6
127.99250	+19.21333	 58	UGC 04457        	 2.6
015.19000	 -9.18500	 59	NGC 0341         	 2.6
198.69750	+26.08500	 60	ARP 060          	 2.1
069.17500	 -2.28667	 61	UGC 03104        	 2.1
178.40000	+43.45500	 62	UGC 06865        	 2.1
144.82000	+32.31000	 63	NGC 2944         	 2.1
221.35750	+19.46500	 64	UGC 09503        	 2.6
005.46500	+22.40000	 65	NGC 0091         	 5.2
246.72000	+51.55500	 66	UGC 10396        	 2.6
020.32000	 -0.54500	 67	UGC 00892        	 2.6
357.18750	 +4.17333	 68	NGC 7757(56?)    	 3.5
215.11000	+35.18833	 69	NGC 5579 + 80    	 2.6
020.86750	+30.78500	 70	UGC 00934        	 2.6
241.28250	+17.75667	 71	NGC 6045         	 2.1
236.72250	+17.87167	 72	NGC 5994 + 96    	 3.5
248.78750	+46.21333	 73	IC 1222          	 2.6
032.09000	+41.48000	 74	UGC 01626        	 2.6
027.82750	 -4.05500	 75	NGC 0702         	 3.5
189.20750	+13.16333	 76	MESSIER 90       	10.4
041.58000	-30.27500	 77	NGC 1097         	10.4
029.83500	+19.00667	 78	NGC 0772 + 770   	10.4
212.53000	+17.61500	 79	NGC 5490C        	 2.1
132.02750	+74.10000	 80	NGC 2633         	 3.5
273.22750	+68.36333	 81	NGC 6621 + 22    	 2.6
122.80750	+25.20667	 82	NGC 2535 + 36    	 5.2
175.05500	+15.34333	 83	NGC 3800 + 3799  	 3.5
209.66000	+37.42500	 84	NGC 5395 + 94    	 5.2
202.46750	+47.19833	 85	MESSIER 51       	21.8
356.77000	+29.48333	 86	NGC 7753 + 52    	 5.2
175.18500	+22.42833	 87	NGC 3808 + A     	 3.5
019.77250	+12.47833	 88	VV 445           	 2.1
130.66750	+14.28500	 89	NGC 2648 + comp  	 5.2
231.53250	+41.67500	 90	NGC 5930 + 29    	 2.6
233.63500	+15.19500	 91	NGC 5953 + 54    	 2.6
349.73500	 +0.24333	 92	NGC 7603 + comp  	 2.6
337.15000	-24.84333	 93	NGC 7284 + 85    	 5.2
155.86250	+19.89833	 94	NGC 3226 + 27    	10.4
218.75750	+26.54333	 95	IC 4461 + 62     	 2.6
105.75250	+86.60333	 96	UGC 03528A       	 3.5
181.44000	+31.06000	 97	UGC 07085A       	 2.6
023.07000	+32.09000	 98	UGC 01095 +comp  	 2.6
348.81750	+18.96167	 99	NGC 7550 + 49    	10.4
007.16000	-11.57333	100	IC 0018 + 19     	10.4
241.13250	+14.81833	101	UGC 10169 + 164  	 5.2
259.81000	+48.98000	102	UGC 10814        	10.4
252.35750	+45.45833	103	UGC 10586        	 3.5
203.04500	+62.76667	104	NGC 5218 + 16    	10.4
167.80500	+28.69500	105	NGC 3561A&B      	 5.2
183.90000	+28.17667	106	NGC 4211 + A     	 2.6
163.07750	+30.06667	107	UGC 05984        	 3.5
045.77250	-22.21667	108	ESO 547-G002&3   	 2.6
237.03250	+69.45833	109	UGC 10053        	 3.5
343.53750	-15.23667	110	MCG-03-58-011    	 2.1
210.42000	+33.82833	111	NGC 5421         	 2.6
000.36250	+31.43333	112	NGC 7805 + 06    	 3.5
004.59250	+30.08000	113	NGC 0070         	 5.2
113.08250	+85.70833	114	NGC 2300+2276    	10.4
175.76250	+26.27667	115	UGC 06678        	 2.6
190.91500	+11.55333	116	MESSIER 60       	10.4
212.49500	+17.69667	117	IC 0982 + 983    	 5.2
043.79750	 +0.17667	118	NGC 1144 + 43    	 2.1
019.85000	+12.44667	119	UGC 00849        	 2.6
186.94000	+13.00833	120	NGC 4438         	10.4
014.84750	 -4.80333	121	MCG-01-03-051    	 2.6
241.11250	+17.75000	122	NGC 6040A + B    	 2.6
080.63500	-11.49500	123	NGC 1888 + 89    	 3.5
259.67000	+60.60667	124	NGC 6361         	 3.5
249.55750	+41.93000	125	UGC 10491        	 2.1
029.52250	 +3.10000	126	UGC 01449        	 2.6
009.74750	 -9.00167	127	NGC 0191         	 2.6
019.35250	+14.69667	128	UGC 00827        	 2.1
144.85250	+32.36167	129	UGC 05146        	 2.1
000.65750	+16.64333	130	IC 5378          	 2.6
041.82500	-14.80167	131	MCG-03-08-25     	 2.6
169.83750	 -3.09000	132	CGCG 011-053     	 2.1
021.43500	 -1.38000	133	NGC 0541         	 2.6
187.44250	 +7.99667	134	MESSIER 49       	10.4
040.10000	+39.06333	135	NGC 1023         	10.4
224.66750	+53.88667	136	NGC 5820         	 3.5
143.51250	+10.10833	137	NGC 2914         	 2.1
179.67750	+25.03667	138	NGC 4015         	 2.1
196.85000	+26.71833	139	MCG+05-31-135    	 2.1
012.77000	 -7.06333	140	NGC 0275 + 74    	 2.6
108.58750	+73.48000	141	UGC 03730        	 2.6
144.43500	 +2.76000	142	NGC 2936 + 37    	 3.5
116.72000	+39.03167	143	NGC 2444         	 3.5
001.61250	-13.41667	144	NGC 7828         	 2.6
035.78250	+41.37000	145	ARP 145          	 2.6
001.68500	 -6.63667	146	VV 790           	 2.1
047.82750	 +1.31333	147	IC 029  8        	 2.1
166.00000	+40.84667	148	MCG+07-23-019    	 2.1
189.92750	+16.59167	149	IC 0803          	 2.1
349.87500	 +9.50833	150	NGC 7609         	 2.1
171.40000	+54.38167	151	MRK 0040         	 2.1
187.70500	+12.39167	152	MESSIER 87       	 2.6
201.36500	-43.01833	153	NGC 5128         	21.8
050.67250	-37.21000	154	NGC 1316         	 5.2
170.91000	+53.84167	155	NGC 3656         	 2.6
160.65750	+77.49500	156	UGC 05814        	 2.6
021.14750	 +3.79333	157	NGC 0520         	10.4
021.33250	+34.02500	158	NGC 0523         	 3.5
192.94000	+25.77500	159	NGC 4747         	10.4
183.54250	+54.52833	160	NGC 4194         	 3.5
175.55250	 +0.33333	161	UGC 06665        	 2.6
162.81750	+27.97500	162	NGC 3414         	 3.5
191.32000	+27.12500	163	NGC 4670         	 2.1
018.98750	 +5.17833	164	NGC 0455         	 3.5
114.15750	+17.88500	165	NGC 2418         	 3.5
029.38500	+33.21000	166	NGC 0750 + 51    	 3.5
132.34250	+19.07500	167	NGC 2672         	 2.6
010.67500	+40.86500	168	MESSIER 32       	16.2
333.68750	+13.84667	169	NGC 7236 + 37    	 3.5
349.30000	+18.70000	170	NGC 7578A + B    	 3.5
220.18000	 +3.45333	171	NGC 5718         	 2.6
241.38750	+17.60167	172	IC 1178          	 3.5
222.86000	 +9.32833	173	UGC 09561        	 3.5
149.66750	+28.87667	174	NGC 3068A        	 5.2
188.21750	+11.40333	175	IC 3481+A + 83   	10.4
195.97750	-11.50667	176	NGC 4933A + B    	 3.5
223.95250	+24.59833	177	MCG+04-35-017    	 2.1
216.02500	+34.89167	178	NGC 5613         	 3.5
045.42000	 -4.67167	179	NPM1G -04.0134   	 2.1
073.34250	 -4.80167	180	MCG-01-13-034    	 2.6
157.07000	+79.82333	181	NGC 3212         	 3.5
351.98750	 +8.77833	182	NGC 7674         	 3.5
203.73000	+31.39167	183	UGC 08560        	 3.5
085.51750	+69.38000	184	NGC 1961         	10.4
248.16750	+78.19833	185	NGC 6217         	 5.2
068.50000	 -8.57833	186	NGC 1614         	 2.6
076.22000	-10.24833	187	MCG-02-13-040A   	 2.1
241.51500	+55.42167	188	UGC 10214        	 5.2
190.92750	+16.39500	189	NGC 4651         	10.4
042.58250	+12.88833	190	UGC 02320        	 5.2
166.83500	+18.43167	191	UGC 06175        	 2.6
159.24750	+18.13667	192	NGC 3303         	 3.5
200.14750	+34.13833	193	IC 0883          	 2.6
179.47000	+36.38833	194	UGC 06945        	 2.6
133.46000	+35.14333	195	UGC 04653        	 2.6
198.65750	+26.12333	196	Herzog 21        	 2.1
172.75250	+20.47000	197	IC 0701          	 2.6
164.94000	+17.64833	198	UGC 06073        	 2.6
214.26000	+36.57167	199	NGC 5544 + 45    	 2.1
043.42250	+13.01500	200	NGC 1134         	 3.5
005.89000	 -0.49000	201	UGC 00224        	 2.1
135.06500	+35.72667	202	NGC 2719 + A     	 3.5
172.78750	+28.56667	203	NGC 3712         	 3.5
200.70750	+84.50667	204	UGC 08454        	 2.6
163.66250	+54.30667	205	NGC 3448         	10.4
163.13000	+36.62000	206	NGC 3432         	10.4
142.77750	+76.46500	207	UGC 05050        	 2.1
252.76250	+47.22000	208	MCG+08-31-010    	 2.6
241.30250	+20.54167	209	NGC 6052         	 2.1
067.70500	+64.84833	210	NGC 1569         	 3.5
189.33000	+38.72500	211	MCG+07-26-034    	 2.1
350.12500	+17.22500	212	NGC 7625         	 2.6
061.94750	+69.81333	213	IC 0356          	 5.2
173.14750	+53.06667	214	NGC 3718         	10.4
138.52250	+40.11333	215	NGC 2782         	 5.2
352.19500	 +3.51167	216	NGC 7679 + 82    	10.4
159.69250	+53.50167	217	NGC 3310         	10.4
238.38500	+18.60333	218	CGCG 107-052     	 2.1
054.92500	 -2.11333	219	UGC 02812        	 2.1
233.73750	+23.50500	220	IC 4553          	 2.6
144.10000	-11.32833	221	MCG-02-25-006    	 2.6
354.97500	-12.29167	222	NGC 7727         	10.4
349.51000	 -4.64833	223	NGC 7585         	 3.5
177.77750	+55.07833	224	NGC 3921         	 5.2
133.91250	+78.22500	225	NGC 2655         	10.4
335.18750	-24.67833	226	NGC 7252         	10.4
020.02750	 +3.41667	227	NGC 0474         	10.4
027.22250	+10.52167	228	IC 0162          	 2.6
020.92000	+33.28000	229	NGC 0508 + 07    	10.4
011.60000	-13.44167	230	IC 0051          	 3.5
010.89000	 -4.11833	231	IC 1575          	 5.2
143.44500	+10.15167	232	NGC 2911         	 2.1
158.13250	+54.40000	233	UGC 05720        	 2.6
173.95250	+54.52500	234	NGC 3738         	 3.5
002.19250	+15.81500	235	NGC 0014         	 3.5
016.94750	-17.50667	236	IC 1623          	 5.2
141.93250	+12.28667	237	UGC 05044        	 2.6
198.87250	+62.12833	238	UGC 08335        	 2.6
205.41500	+55.66833	239	NGC 5278 + 79    	 4.2
204.97000	 +0.84000	240	NGC 5257 + 58    	 4.2
219.46250	+30.48167	241	UGC 09425        	 2.1
191.54250	+30.73333	242	NGC 4676A + B    	 5.2
129.60000	+25.75500	243	NGC 2623         	 2.6
180.47000	-18.86500	244	NGC 4038 + 39    	20.8
146.42500	-14.32667	245	NGC 2992 + 93    	10.4
001.72500	 +8.35000	246	NGC 7838         	 2.1
125.88500	+21.33833	247	IC 2338 + 39     	 2.6
176.68750	 -3.84667	248	Wild's Triplet   	 5.2
000.08000	+22.99000	249	UGC 12891        	 2.1
114.00000	+35.37500	250	IRAS F07327+3529 	 2.1
013.44500	-13.86167	251	VV 674           	 2.1
146.24250	-19.72500	252	ESO 566-IG007    	 2.6
145.85250	 -5.28000	253	UGCA 173 + 174   	 3.5
230.38500	 -7.37667	254	NGC 5917         	10.4
148.28750	 +7.88000	255	UGC 05304        	 2.6
004.70750	-10.36167	256	MCG-02-01-52     	 2.6
132.91000	 -2.36667	257	UGC 04638        	 2.6
039.77000	+18.39333	258	UGC 02140        	 3.5
075.40750	 -4.25833	259	NGC 1741         	 3.5
183.41250	+16.12167	260	UGC 07230        	 2.6
222.37750	-10.17333	261	MCG-02-38-016    	10.4
359.18750	+16.81167	262	UGC 12856        	 2.6
156.27250	+17.16000	263	NGC 3239         	 5.2
150.99000	+40.75667	264	NGC 3104         	 3.5
193.47250	+36.08667	265	IC 3862          	 2.1
194.75750	+34.86000	266	NGC 4861         	 3.5
159.17750	+31.54667	267	UGC 05764        	 2.6
124.77500	+70.71333	268	Holmberg II      	10.4
187.65250	+41.64000	269	NGC 4490 + 85    	10.4
162.45750	+32.98000	270	NGC 3395 + 96    	 3.5
210.85500	 -6.07000	271	NGC 5426 + 27    	 5.2
241.37750	+17.76833	272	NGC 6054         	 2.1
035.37000	+39.37500	273	UGC 01810 + 13   	 3.5
218.77500	 +5.34833	274	NGC 5679A +B+C   	 2.6
141.48000	-11.98333	275	NGC 2881         	 2.1
037.04500	+19.60000	276	NGC 0935+IC1801  	 2.6
193.71250	 +2.65333	277	NGC 4809 + 10    	 2.1
334.86000	+29.39833	278	NGC 7253A + B    	 2.6
048.53750	 -2.82333	279	NGC 1253 + A     	10.4
174.43500	+47.89167	280	NGC 3769 + A     	 3.5
190.52500	+32.54000	281	NGC 4631 + 27    	21.8
009.21750	+23.99167	282	NGC 0169         	 3.5
139.34500	+42.00000	283	NGC 2798 + 99    	 3.5
354.06000	 +2.15500	284	NGC 7714 + 15    	 5.2
141.01250	+49.20333	285	NGC 2854 + 56    	 5.2
215.08500	 +3.93333	286	NGC 5566 +60+69  	10.4
135.66000	+25.93500	287	NGC 2735 + A     	 2.6
203.73500	+13.83167	288	NGC 5221 + 22    	10.4
179.03000	-19.89500	289	NGC 3981         	10.4
030.93500	+14.70833	290	IC 0195 + 196    	 3.5
160.70250	+13.46000	291	UGC 05832        	 2.6
148.63750	 -6.85667	292	IC 0575          	 2.6
254.63000	+58.93667	293	NGC 6286         	 3.5
174.92750	+31.90833	294	NGC 3786 + 88    	10.4
355.45000	 -3.67667	295	MCG-01-60-021    	10.4
172.08250	+58.54167	296	MCG+10-17-5      	 3.5
221.33250	+38.73167	297	NGC 5754 + 55    	10.4
345.81500	 +8.87333	298	NGC 7469         	 3.5
172.14000	+58.56333	299	NGC 3690         	 3.5
142.01000	+68.42167	300	UGC 05029        	 3.5
167.46500	+24.26167	301	UGC 06204        	 2.6
224.25500	+24.61667	302	UGC 09618        	 2.6
146.58500	 +3.04500	303	IC 0563 + 64     	 3.5
047.81250	 -8.92167	304	NGC 1241 + 42    	 3.5
179.62250	+27.52833	305	NGC 4016 + 17    	10.4
023.12250	 +4.59500	306	UGC 01102        	 5.2
141.42750	+11.43167	307	NGC 2872 + 74    	 3.5
021.49750	 -1.34000	308	NGC 0545 + 47    	 2.6
037.29250	-10.83667	309	NGC 0942 + 43    	 3.5
261.85500	+58.51667	310	IC 1259          	 2.1
261.82250	+58.48500	311	IC 1259 Field    	 5.2
252.45250	+46.71833	312	MCG+08-31-004    	 2.6
179.40250	+32.27667	313	NGC 3994 + 95    	10.4
344.50500	 -3.76833	314	MCG-03-58-009    	10.4
139.94500	+33.75000	315	NGC 2832         	 2.6
154.60500	+21.89333	316	NGC 3193         	16.2
169.73000	+13.09333	317	MESSIER 65 + 66  	62.4
032.33500	-10.13333	318	NGC 0833 Group   	10.4
338.98750	+33.96500	319	Stephan's Quint  	10.4
174.46500	+21.97333	320	NGC 3750         	 5.2
144.72250	 -4.86000	321	MCG-01-25-009    	 2.6
173.16750	+52.95000	322	UGC 06527        	 2.6
358.54250	 +0.38333	323	NGC 7783         	 3.5
240.55250	+15.90667	324	UGC 10143        	12.8
331.60000	-21.07833	325	ESO 601-G018     	 2.1
204.32750	 +6.47833	326	UGC 08610        	10.4
080.44250	 +6.68833	327	NGC 1875         	 2.6
221.98250	+19.05667	328	UGC 09532        	 5.2
173.03000	+70.81500	329	UGC 06514        	 2.6
252.28250	+53.43167	330	I Zw 167         	10.4
016.85500	+32.41167	331	Pisces Cloud     	20.8
047.11750	-23.05167	332	IC 1892          	20.8
039.80000	+10.84667	333	NGC 1024         	 5.2
202.60750	+31.62000	334	UGC 08498        	 3.5
166.10000	 +4.83000	335	NGC 3509         	 2.6
133.89750	+58.73333	336	NGC 2685         	 6.9
148.96500	+69.68000	337	MESSIER 82       	10.4
152.74750	 -7.91500	338	Arp 338          	 2.1
