_RAJ2000	_DEJ2000	VdB	BRadMax	RRadMax
deg	deg	 	arcmin	arcmin
-----------	-----------	---	-----	-----
002.6931914	+58.7695183	  1	  4.3	  1.1
003.3508317	+65.6134567	  2	  1.7	  1.1
008.6556992	+69.4346092	  3	  0.9	  0.9
010.8260694	+61.9111497	  4	  4.2	  3.1
014.1772128	+60.7167400	  5	 60.0	 60.0
025.9306842	+61.8343228	  6	  0.9	  0.9
042.2312928	+69.6342894	  7	  3.1	  3.1
042.8865444	+67.8150436	  8	  2.3	  1.7
042.9947967	+68.8885019	  9	  3.7	  3.1
048.9498772	+57.1406231	 10	  8.0	  5.4
051.0591089	+61.5385719	 11	  3.1	  2.3
051.3496628	+31.7310986	 12	  2.3	  2.3
051.4587533	+30.9317106	 13	  2.3	
052.2672203	+59.9403336	 14	 23.0	 23.0
052.4780983	+58.8787492	 15	 27.0	 17.0
052.0870792	+29.7992464	 16	  4.5	  4.5
052.3324056	+31.4158458	 17	  4.0	  4.0
053.7994747	+38.0151675	 18	  7.1	  5.7
056.1424475	+32.1628161	 19	  2.8	  2.8
056.2189036	+24.1133364	 20	 11.0	  7.1
056.4566939	+24.3677461	 21	 26.0	  8.5
056.5815578	+23.9483558	 22	 26.0	 17.0
056.8711522	+24.1051356	 23	 17.0	 10.0
057.4014025	+38.9820967	 24	  4.5	  3.4
063.1041758	+23.5745711	 25	  4.3	  4.3
063.3940444	+10.2124772	 26	  5.7	  4.3
065.4892053	+28.4432097	 27	  2.8	  4.3
065.4976333	+19.5351200	 28	  0.9	  6.2
072.0947642	+29.7730044	 29	  6.8	  5.7
073.5125433	+66.3426767	 30	 20.0	 23.0
073.9410244	+30.5511922	 31	  4.5	  2.6
075.5904764	+44.2695722	 32	  0.9	
076.7127325	-03.3333192	 33	  0.9	
079.0756222	+34.3123178	 34	 10.0	
078.7476861	+13.0141167	 35	  0.9	  2.0
078.6344669	-08.2016383	 36	410.0	410.0
079.5170086	+13.4177386	 37	  2.0	  7.7
080.4315100	+08.4285553	 38	 14.0	 11.0
081.1230239	+32.8190714	 39	  0.3	  0.3
081.4088786	+06.5881828	 40	  0.3	  0.3
082.2956153	+23.6944194	 41	  0.6	  0.3
082.8266919	-05.7037631	 42	  2.8	  2.8
083.0308425	+06.0470144	 43	  1.1	  0.6
083.0617822	-04.5183872	 44	  4.3	
084.1700689	+31.8545058	 45	  0.3	  0.3
084.1059669	-06.7160236	 46	  0.9	  0.9
084.8117792	+23.3233644	 47	  2.3	  5.1
084.5271456	-00.1842956	 48	 14.0	
084.7964431	+04.1214664	 49	 21.0	  4.8
085.0564144	-01.4625692	 50	  3.1	  2.3
085.2348769	-01.5071825	 51	  5.1	  4.0
085.4099547	-02.2590222	 52	  4.3	  2.8
085.3579356	-10.3116725	 53	  0.9	  0.3
085.4500000	-06.2500000	 54	  0.6	  0.6
085.5887583	-08.1333831	 55	  0.9	  0.3
085.9306436	+16.3584964	 56	  0.6	  0.3
085.7523978	-02.3126081	 57	  2.6	  1.7
086.1115422	-08.7105422	 58	  0.3	  0.6
086.6860750	+00.0896611	 59	  6.8	  6.8
086.7829700	+00.2989519	 60	  4.3	  4.0
088.1547344	+05.1645967	 61	  0.6	
088.5124614	+01.6727264	 62	  1.4	  1.4
089.0729147	+01.8647192	 63	  0.3	  0.3
089.4753583	-14.0611336	 64	  0.6	  0.3
091.1250000	+30.5166667	 65	  2.3	  1.4
090.7722953	-09.7165439	 66	  0.9	
091.8826719	-06.3993500	 67	  1.1	  1.1
092.0160258	-06.2270806	 68	  3.4	  2.8
092.0215864	-06.3612561	 69	  3.1	  1.4
092.1094969	-05.3395778	 70	  6.0	  4.0
092.5069247	+14.0751719	 71	  1.7	
092.3802244	-06.3257794	 72	  2.3	  1.7
092.7756247	-06.2107703	 73	  1.4	  1.1
092.9533217	-06.1577081	 74	  0.6	  0.6
094.8438483	+23.2745061	 75	  3.4	  1.7
097.6960656	+10.0628975	 76	     	
097.7413111	+09.8096033	 77	  0.9	
097.8119425	+09.7902789	 78	  2.8	
097.9304911	+10.3391464	 79	  2.6	
097.7075547	-09.6541114	 80	  5.7	  2.3
098.2259497	+07.3329697	 81	 18.0	  4.3
098.2716278	+10.3222175	 82	  3.1	  1.7
099.9250000	-27.2500000	 83	  0.3	
100.0198547	-27.3982353	 84	  1.4	
101.7151469	+01.3158156	 85	  1.1	  1.1
104.2830389	-10.2798678	 86	  2.0	  2.0
105.1192111	-08.8660236	 87	  1.4	  1.4
105.4562908	-11.3009228	 88	  7.1	  6.2
105.6610064	-12.2337725	 89	  1.1	
105.6775600	-11.4532150	 90	  4.0	  4.0
105.8523250	-10.7045369	 91	  0.9	  0.3
105.9785756	-11.5761325	 92	  2.0	
106.1063292	-10.4543369	 93	 10.0	  8.5
106.3197828	-12.3262486	 94	  5.6	  5.6
106.6698614	-11.2940111	 95	  2.8	  2.5
109.9062158	-24.0243697	 96	  2.8	  0.3
113.1250000	-16.9000000	 97	  1.1	  0.6
114.1325861	-25.3327836	 98	  8.0	
239.7129719	-26.1141081	 99	100.0	 43.0
242.9988986	-19.4607044	100	  5.7	
244.7821744	-20.2180683	101	  4.3	  5.7
245.0165850	-20.0448692	102	  7.1	  2.8
245.1261100	-20.1177156	103	  4.5	
245.2971489	-25.5927919	104	 28.0	
246.3513181	-24.4657139	105	 14.0	  4.3
246.3963236	-23.4471708	106	 31.0	 16.0
247.3519156	-26.4320025	107	 41.0	117.0
247.5519797	-25.1152233	108	 14.0	  4.8
250.3932647	-17.7421667	109	 18.0	 13.0
259.0270608	-21.0328650	110	  0.6	  0.3
259.7199500	+06.0854492	111	  6.2	  4.0
268.3802622	-05.6193967	112	  0.6	  0.6
272.1607753	-21.4495597	113	  8.5	
272.1250000	-18.3833333	114	  0.6	
272.2849856	-23.4353489	115	  0.9	  0.3
272.6618297	-17.7339325	116	  0.3	
273.6582603	-17.3629433	117	  1.1	
274.2185953	-19.7778111	118	  2.6	  0.9
274.2743053	-19.8646631	119	  2.8	  1.4
274.3198622	-16.9286347	120	  0.6	  0.6
275.0663972	-17.0041828	121	  0.3	  0.3
276.1395767	-13.6535517	122	  0.6	  0.6
277.6036492	+01.2232339	123	  1.7	  1.1
277.8570581	-10.7958356	124	 18.0	  3.1
291.5036597	+15.5568522	125	  0.6	
291.5471539	+22.7572947	126	  4.0	
296.8469400	+18.5343136	127	 28.0	 33.0
301.1507261	+32.2185981	128	  4.0	  3.7
302.8261886	-00.8214619	129	 48.0	 48.0
304.4258103	+39.3495539	130	  0.3	  0.6
306.0654831	+42.3003844	131	  2.8	
306.1942975	+42.3848050	132	  2.8	
307.7467878	+36.9358400	133	  5.7	  5.7
307.5147539	+48.9515669	134	 11.0	 11.0
309.1899439	+32.4546092	135	  0.9	  1.4
309.5715456	+42.0736825	136	  2.0	  4.3
313.9575167	+47.4176567	137	  6.8	  4.8
314.3190981	+48.2957681	138	  3.7	
315.4038358	+68.1632750	139	  8.5	  5.7
319.3282869	+58.6114836	140	 10.0	  3.1
319.1097028	+68.2601550	141	  1.7	  4.2
324.1709936	+57.5022922	142	  0.6	  0.3
324.2377256	+68.1853614	143	  4.8	  0.9
325.1804467	+54.8721553	144	  1.7	  1.4
325.9048603	+48.8837636	145	  4.3	  4.3
325.7090828	+66.1097742	146	  4.5	  1.4
328.1420803	+47.2287794	147	  0.9	  0.6
331.8208242	+56.2340233	148	  1.7	  0.6
332.2853647	+72.8847211	149	  2.6	
332.4171947	+73.3908964	150	  5.7	  4.3
333.4696981	+39.7149247	151	  5.4	  5.4
333.3522022	+70.2514117	152	  6.8	  2.8
335.8010897	+62.6999697	153	  1.4	
337.8065703	+65.4662447	154	  5.1	
343.3150172	+62.1458336	155	  3.1	  1.7
345.4802692	+42.3259814	156	 94.0	 94.0
345.5655528	+72.7303956	157	  2.3	  0.6
354.4649897	+48.4965661	158	  1.7	  0.6
