_RAJ2000	_DEJ2000	ID	Name	Vt	Rh
deg	deg	 	 	mag	arcmin
----------	----------	---------	-----------	-----	-----
006.021667	-72.080833	NGC 104  	47 Tuc     	 3.95	 2.79
013.197917	-26.590000	NGC 288  	           	 8.09	 2.22
015.809583	-70.848333	NGC 362  	           	 6.40	 0.81
048.063750	-55.216944	NGC 1261 	           	 8.29	 0.75
053.345833	+79.580556	Pal 1    	           	13.52	 0.48
058.761250	-49.614444	AM 1     	E 1        	15.72	 0.50
066.185417	-21.186944	Eridanus 	           	14.70	 0.40
071.524583	+31.380833	Pal 2    	           	13.04	 0.67
078.526250	-40.047222	NGC 1851 	           	 7.14	 0.52
081.044167	-24.524167	NGC 1904 	M 79       	 7.73	 0.80
102.246667	-36.005278	NGC 2298 	           	 9.29	 0.78
114.535417	+38.881944	NGC 2419 	           	10.39	 0.73
136.990833	-37.221389	Pyxis    	           	12.90	 1.35
138.010833	-64.863056	NGC 2808 	           	 6.20	 0.76
140.247083	-77.282500	E 3      	           	11.35	 2.06
151.380833	 +0.071389	Pal 3    	           	14.26	 0.66
154.403333	-46.411111	NGC 3201 	           	 6.75	 2.68
172.320000	+28.973611	Pal 4    	           	14.20	 0.54
182.525833	+18.541944	NGC 4147 	           	10.32	 0.43
186.439167	-72.659167	NGC 4372 	           	 7.24	 3.90
189.667500	-51.150278	Rup 106  	           	10.90	 1.10
189.866667	-26.742778	NGC 4590 	M 68       	 7.84	 1.55
194.895833	-70.874722	NGC 4833 	           	 6.91	 2.41
198.230417	+18.169167	NGC 5024 	M 53       	 7.61	 1.11
199.112500	+17.698056	NGC 5053 	           	 9.47	 3.50
201.691250	-47.476944	NGC 5139 	omega Cen  	 3.68	 4.18
205.546667	+28.375556	NGC 5272 	M 3        	 6.19	 1.12
206.610417	-51.373333	NGC 5286 	           	 7.34	 0.69
208.958750	-27.172778	AM 4     	           	15.90	 0.42
211.363750	+28.534444	NGC 5466 	           	 9.04	 2.25
217.405417	 -5.976389	NGC 5634 	           	 9.47	 0.54
219.902083	-26.538333	NGC 5694 	           	10.17	 0.33
225.077083	-82.213611	IC 4499  	           	 9.76	 1.50
225.993750	-33.067778	NGC 5824 	           	 9.09	 0.36
229.022083	 -0.111389	Pal 5    	           	11.75	 2.96
229.352083	-21.010278	NGC 5897 	           	 8.53	 2.11
229.640833	 +2.082778	NGC 5904 	M 5        	 5.65	 2.11
232.002083	-50.672778	NGC 5927 	           	 8.01	 1.15
233.868750	-50.659444	NGC 5946 	           	 9.61	 0.69
234.780417	-50.050556	BH 176   	           	14.00	
236.514583	-37.786111	NGC 5986 	           	 7.52	 1.05
242.762500	-55.314444	Lynga 7  	           	     	
242.770417	+14.958056	Pal 14   	AvdB       	14.74	 1.15
244.260417	-22.975000	NGC 6093 	M 80       	 7.33	 0.65
245.897917	-26.525278	NGC 6121 	M 4        	 5.63	 3.65
246.452500	-72.201667	NGC 6101 	           	 9.16	 1.71
246.808750	-26.024722	NGC 6144 	           	 9.01	 1.62
246.918333	-38.848889	NGC 6139 	           	 8.99	 0.82
247.167083	-35.353611	Terzan 3 	           	12.00	 1.30
248.132917	-13.053611	NGC 6171 	M 107      	 7.93	 2.70
249.856250	-28.397778	1636-283 	ESO452-SC11	12.00	
250.422917	+36.460278	NGC 6205 	M 13       	 5.78	 1.49
251.745417	+47.527778	NGC 6229 	           	 9.39	 0.37
251.810417	 -1.947778	NGC 6218 	M 12       	 6.70	 2.16
253.355833	-22.177222	NGC 6235 	           	 9.97	 0.84
254.287083	 -4.099444	NGC 6254 	M 10       	 6.60	 1.81
254.885833	-37.121389	NGC 6256 	           	11.29	 0.85
255.010000	 -0.541944	Pal 15   	           	14.00	 1.21
255.302500	-30.112222	NGC 6266 	M 62       	 6.45	 1.23
255.657083	-26.268056	NGC 6273 	M 19       	 6.77	 1.25
256.120000	-24.764722	NGC 6284 	           	 8.83	 0.78
256.289167	-22.708056	NGC 6287 	           	 9.35	 0.75
257.543333	-26.581667	NGC 6293 	           	 8.22	 0.91
258.635417	-29.462222	NGC 6304 	           	 8.22	 1.41
259.155833	-28.140000	NGC 6316 	           	 8.43	 0.71
259.280417	+43.136389	NGC 6341 	M 92       	 6.44	 1.09
259.496667	-23.765833	NGC 6325 	           	10.33	 0.94
259.799167	-18.516389	NGC 6333 	M 9        	 7.72	 0.95
260.292500	-19.587222	NGC 6342 	           	 9.66	 0.88
260.895833	-17.813056	NGC 6356 	           	 8.25	 0.74
260.994167	-26.353611	NGC 6355 	           	 9.14	 0.87
261.371667	-48.422778	NGC 6352 	           	 7.96	 2.00
261.785417	 -7.093056	IC 1257  	           	13.10	
261.889167	-30.802222	Terzan 2 	HP 3       	14.29	 1.52
261.934583	 -5.076667	NGC 6366 	           	 9.20	 2.63
262.662083	-31.595556	Terzan 4 	HP 4       	16.00	
262.771667	-29.981667	HP 1     	BH 229     	11.59	 3.10
262.978333	-67.048056	NGC 6362 	           	 7.73	 2.18
263.352083	-33.388889	Liller 1 	           	16.77	 0.45
263.616667	-39.069167	NGC 6380 	Ton 1      	11.31	 0.75
263.949167	-30.469722	Terzan 1 	HP 2       	15.90	 3.82
264.043750	-38.553333	Ton 2    	Pismis 26  	12.24	 1.08
264.070833	-44.735000	NGC 6388 	           	 6.72	 0.67
264.400417	 -3.245833	NGC 6402 	M 14       	 7.59	 1.29
264.653750	-23.908889	NGC 6401 	           	 9.45	 1.91
265.172083	-53.673611	NGC 6397 	           	 5.73	 2.33
265.925833	-26.222500	Pal 6    	           	11.55	 1.06
266.227917	 +3.170278	NGC 6426 	           	11.01	 0.96
266.867917	-33.065556	Djorg 1  	           	13.60	 1.26
267.020417	-24.812500	Terzan 5 	Terzan 11  	13.85	 0.83
267.219167	-20.359444	NGC 6440 	           	 9.20	 0.58
267.553750	-37.051111	NGC 6441 	           	 7.15	 0.64
267.693333	-31.275278	Terzan 6 	HP 5       	13.85	 0.44
267.715833	-34.598611	NGC 6453 	           	10.08	 0.37
268.613333	-24.145278	UKS 1    	           	17.29	 0.86
269.758333	-44.265000	NGC 6496 	           	 8.54	 1.87
270.411667	-26.839722	Terzan 9 	           	16.00	 0.78
270.454583	-27.825833	Djorg 2  	E456-SC38  	 9.90	 0.83
270.460833	 -8.958889	NGC 6517 	           	10.23	 0.62
270.739167	-26.066667	Terzan 10	           	14.90	
270.892083	-30.033889	NGC 6522 	           	 8.27	 1.04
270.961250	 -0.296944	NGC 6535 	           	10.47	 0.77
271.206667	-30.055833	NGC 6528 	           	 9.60	 0.43
271.207500	 -7.585833	NGC 6539 	           	 9.33	 1.67
271.535833	-27.765278	NGC 6540 	Djorg 3    	 9.30	 0.24
271.835833	-24.997500	NGC 6544 	           	 7.77	 1.77
272.009167	-43.705556	NGC 6541 	           	 6.30	 1.19
272.315000	-25.907778	NGC 6553 	           	 8.06	 1.55
272.576667	-31.763611	NGC 6558 	           	 9.26	 1.61
272.684167	 -7.207500	IC 1276  	Pal 7      	10.34	 2.35
273.065833	-22.741944	Terzan 12	           	15.63	 0.84
273.412083	-31.826389	NGC 6569 	           	 8.55	 1.33
274.657083	-52.215000	NGC 6584 	           	 8.27	 0.80
275.918750	-30.361111	NGC 6624 	           	 7.87	 0.82
276.137083	-24.870000	NGC 6626 	M 28       	 6.79	 1.56
277.734167	-25.496389	NGC 6638 	           	 9.02	 0.66
277.846667	-32.348056	NGC 6637 	M 69       	 7.64	 0.83
277.976250	-23.476389	NGC 6642 	           	 9.13	 0.73
278.940417	-32.990278	NGC 6652 	           	 8.62	 0.65
279.100833	-23.903333	NGC 6656 	M 22       	 5.10	 3.26
280.374583	-19.825833	Pal 8    	           	11.02	 0.57
280.802917	-32.291944	NGC 6681 	M 70       	 7.87	 0.93
283.267917	 -8.706111	NGC 6712 	           	 8.10	 1.37
283.763750	-30.478333	NGC 6715 	M 54       	 7.60	 0.49
283.775833	-22.700833	NGC 6717 	Pal 9      	 9.28	 0.68
284.888333	-36.631667	NGC 6723 	           	 7.01	 1.61
286.313750	 +1.900833	NGC 6749 	           	12.44	 1.10
287.715833	-59.981944	NGC 6752 	           	 5.40	 2.34
287.800417	 +1.030556	NGC 6760 	           	 8.88	 2.18
289.147917	+30.184722	NGC 6779 	M 56       	 8.27	 1.16
289.432083	-34.657500	Terzan 7 	           	12.00	 0.97
289.508750	+18.571667	Pal 10   	           	13.22	 0.99
292.183750	-30.353889	Arp 2    	           	12.30	 1.91
294.997500	-30.962222	NGC 6809 	M 55       	 6.32	 2.89
295.437500	-34.000278	Terzan 8 	           	12.40	 1.00
296.310000	 -8.007222	Pal 11   	           	 9.80	 1.49
298.442083	+18.778333	NGC 6838 	M 71       	 8.19	 1.65
301.520000	-21.921389	NGC 6864 	M 75       	 8.52	 0.47
308.548333	 +7.404167	NGC 6934 	           	 8.83	 0.60
313.366250	-12.536944	NGC 6981 	M 72       	 9.27	 0.88
315.372917	+16.187500	NGC 7006 	           	10.56	 0.38
322.492917	+12.166944	NGC 7078 	M 15       	 6.20	 1.06
323.372083	 -0.823056	NGC 7089 	M 2        	 6.47	 0.93
325.091667	-23.179167	NGC 7099 	M 30       	 7.19	 1.15
326.661667	-21.250833	Pal 12   	           	11.99	 1.28
346.685000	+12.771944	Pal 13   	           	13.80	 0.46
347.111250	-15.611389	NGC 7492 	           	11.29	 1.22
