_RAJ2000	_DEJ2000	Cluster	Diam
deg	deg	 	arcmin
---------	---------	-----------------	------
000.05000	+60.96667	Berkeley 58      	  11.0
000.08750	+50.74167	NGC 7801         	   8.0
000.16250	+59.23889	FSR 0459         	   2.0
000.40417	+64.62500	Stock 18         	   6.0
000.55833	+67.41667	Berkeley 59      	  10.0
000.87500	+63.58333	Berkeley 104     	   3.0
001.02917	-29.83333	Blanco 1         	  70.0
001.17083	+56.08333	Stock 19         	   4.0
001.32083	-20.69167	NGC 7826         	  20.0
001.84167	+64.97278	Majaess 1        	   5.0
001.90833	+61.47500	Czernik 1        	   2.5
002.08333	+51.72083	SAI 1            	   4.0
002.40000	+60.47500	Berkeley 1       	   5.0
002.40000	+62.68000	ASCC 1           	  24.0
002.52500	+61.16667	King 13          	   5.0
002.64167	+58.76000	Alessi 20        	  40.0
002.72083	+59.74722	FSR 0474         	   4.6
003.72917	+61.47306	FSR 0480         	   1.5
004.08333	+59.96194	Juchert Saloran 1	   5.0
004.17917	+64.50583	Majaess 8        	   3.0
004.42500	+60.93333	Berkeley 60      	   3.0
004.96667	+55.71000	ASCC 2           	  36.0
005.08750	+59.31806	FSR 0486         	   2.5
005.30417	+63.32444	Majaess 9        	   2.0
005.47500	+61.75000	Mayer 1          	   7.0
005.51667	+64.38056	King 1           	  24.6
005.91667	+62.70389	SAI 4            	   4.0
006.31250	+62.61667	Stock 20         	   4.0
006.31667	+61.32333	NGC 103          	   4.0
006.32500	+60.40000	Berkeley 2       	   2.0
006.38333	+63.75778	FSR 0494         	   0.8
006.74167	+64.03333	FSR 0496         	   4.9
006.85417	+71.38333	NGC 110          	  12.0
006.97083	+60.68917	SAI 6            	   5.0
007.30417	+62.41583	FSR 0498         	   1.5
007.50000	+60.21833	NGC 129          	  19.0
007.60417	+57.92361	Stock 21         	   4.0
007.78750	+55.28000	ASCC 3           	  25.2
007.82917	+63.35000	NGC 133          	   7.0
007.88750	+61.50833	NGC 136          	   4.0
008.01250	+63.15556	King 14          	   8.0
008.22500	+61.86667	King 15          	   3.0
008.24167	+63.33417	NGC 146          	   5.5
008.29167	+65.11667	Patchick 78      	   1.5
009.89583	+61.09500	NGC 189          	   5.0
009.92500	+61.95000	Stock 24         	   5.0
010.01667	+61.59778	FSR 0505         	   1.2
010.49167	+64.98111	FSR 0508         	   2.5
010.64583	+64.06806	Dias 1           	   4.6
010.91250	+61.77500	NGC 225          	  12.0
010.92500	+60.15000	Czernik 2        	   5.8
010.93750	+64.18556	King 16          	  17.6
011.25417	+64.38472	Berkeley 4       	   6.2
011.86667	+85.25500	NGC 188          	  17.0
012.12500	+67.20000	Berkeley 61      	   3.0
012.42500	+64.12639	Dolidze 13       	  16.0
012.69167	+65.96833	FSR 0516         	   0.7
012.75000	+58.18333	King 2           	   5.0
013.12500	+64.65139	FSR 0519         	   1.4
013.20417	+56.62833	IC 1590          	   4.0
013.25000	+59.85000	FSR 0521         	   6.3
013.29167	+61.58000	ASCC 4           	  48.0
013.36250	+49.56667	Casado Alessi 1  	  48.0
013.45833	+65.79333	FSR 0522         	   0.7
014.49167	+55.84000	ASCC 5           	  15.6
014.62083	+56.49806	Majaess 19       	  14.0
014.62083	+68.46889	Skiff J0058+68.4 	  21.8
014.65417	+65.67306	Majaess 20       	   2.0
015.25000	+63.95000	Berkeley 62      	  10.0
015.77500	+62.78333	Czernik 3        	   2.4
016.29583	+62.02167	NGC 358          	   3.0
016.60833	+62.23000	NGC 366          	   3.5
017.02917	+65.64722	Pfleiderer 1     	   5.0
017.07917	+61.58333	NGC 381          	   6.0
018.07500	+62.33333	Stock 3          	   5.0
018.45833	+32.02833	Platais 2        	 336.0
018.79583	+60.12667	NGC 433          	   2.0
018.99167	+58.81167	NGC 436          	   5.0
019.35833	+61.30000	FSR 0534         	   6.0
019.70833	+60.35028	FSR 0537         	   8.1
019.89583	+58.28667	NGC 457          	  20.0
019.93333	+63.06861	FSR 0536         	   7.2
020.53333	+63.69306	FSR 0538         	   0.8
021.47083	+62.99528	FSR 0542         	   8.0
021.50000	+62.62583	SAI 14           	   4.0
022.38333	+63.30389	NGC 559          	   9.1
022.46667	+60.71639	FSR 0547         	   2.7
023.34583	+60.65000	NGC 581          	   5.0
023.90000	+61.47639	Czernik 4        	   2.6
023.92500	+61.28333	Trumpler 1       	   3.0
024.09583	+64.53833	NGC 609          	   3.0
024.30000	+65.85806	FSR 0546         	   3.9
024.91250	+65.91972	FSR 0549         	   1.2
024.94167	+64.89472	FSR 0551         	   1.2
025.25833	+64.51333	FSR 0553         	   3.4
025.76667	+64.04000	NGC 637          	   3.0
025.83750	+55.83639	NGC 657          	   6.0
026.00000	+61.88500	NGC 654          	   5.0
026.10000	+60.67333	NGC 659          	   5.0
026.41667	+64.26889	Majaess 26       	   4.0
026.43750	+71.81000	Collinder 463    	  57.0
026.53750	+61.23500	NGC 663          	  14.0
026.80417	+57.73000	ASCC 6           	  36.0
026.95000	+62.93333	Berkeley 5       	   2.0
027.71250	+61.09111	S1               	   4.6
027.79583	+61.06111	Berkeley 6       	   8.4
028.12500	+61.83333	IC 166           	   7.0
028.20000	+57.06667	Stock 4          	  12.0
028.42917	-45.95333	ESO 245 09       	  14.0
028.55000	+62.36667	Berkeley 7       	   4.0
028.92917	+61.35583	Czernik 5        	   1.8
029.42083	+37.78500	NGC 752          	  75.0
029.63750	+55.47333	NGC 744          	   5.0
029.65417	+60.15500	NGC 743          	   8.0
029.72917	+58.97000	ASCC 7           	  30.0
030.27500	+75.48333	Berkeley 8       	   5.0
030.50000	+62.83333	Czernik 6        	   8.0
030.75417	+62.24667	Czernik 7        	  10.0
031.12500	+64.43333	Stock 5          	  24.0
031.37500	+62.26500	SAI 16           	   5.0
031.84583	+60.25694	Riddle 4         	   4.4
033.67917	+59.48500	Stock 2          	  60.0
034.75000	+57.12833	NGC 869          	  18.0
034.86667	+58.30000	Basel 10         	   2.0
034.90000	+63.71667	Berkeley 63      	  16.0
035.04167	+61.10861	FSR 0578         	   1.4
035.20000	+59.18500	SAI 17           	   2.0
035.20417	+59.61000	ASCC 8           	  36.0
035.27500	+65.90000	Berkeley 64      	   2.0
035.59583	+57.12583	NGC 884          	  18.2
035.92500	+63.86667	Stock 6          	  14.0
036.79583	+61.62778	FSR 0584         	   2.0
036.93333	+58.75889	FSR 0591         	   4.0
037.02917	+72.62639	Majaess 29       	  11.0
037.22500	+61.78333	Tombaugh 4       	   7.0
037.25000	+62.09417	Teutsch 55       	   8.0
037.41667	+60.70667	Markarian 6      	   6.0
037.46667	+58.11028	FSR 0596         	   3.7
038.06250	+44.64667	NGC 956          	   9.0
038.17500	+61.45000	IC 1805          	  20.0
038.25000	+58.73333	Czernik 8        	   2.0
038.33750	+57.56000	NGC 957          	  10.0
038.38333	+59.88667	Czernik 9        	   3.2
038.47500	+60.16667	Czernik 10       	   2.2
038.68750	+62.57278	SAI 21           	   3.0
038.92500	+59.00000	King 4           	   5.0
039.14583	+59.63333	Czernik 11       	   3.0
039.22083	+55.91500	Trumpler 2       	  17.0
039.40833	+56.41500	FSR 0611         	   5.5
039.75000	+60.41667	Berkeley 65      	   5.0
039.80000	+54.91667	Czernik 12       	   6.0
040.52083	+42.76167	NGC 1039         	  35.0
040.64167	+56.73333	FSR 0614         	   2.8
040.67917	+61.63361	NGC 1027         	   6.2
041.15000	+60.99500	Majaess 30       	   2.0
041.17500	+62.35000	Czernik 13       	   4.0
041.72917	+57.73000	ASCC 9           	  20.4
041.91667	+61.97500	Teutsch 162      	   9.0
042.80000	+60.43333	IC 1848          	  18.0
044.84583	+60.56667	Collinder 34     	  25.0
044.85417	+60.56611	SAI 24           	   6.0
045.11250	+57.26722	SAI 25           	   7.0
046.07500	+58.76667	Berkeley 66      	   4.0
046.48333	+44.38333	NGC 1193         	   3.0
047.70417	-57.76667	NGC 1252         	   8.0
047.91667	+53.34500	NGC 1220         	   4.0
047.95000	+63.25000	Trumpler 3       	  12.0
048.67500	+47.23667	NGC 1245         	  32.0
048.68750	+52.68667	King 5           	  14.2
049.04583	+60.11556	Stock 23         	  29.0
049.22500	+58.60000	Czernik 14       	   2.0
050.42500	-36.30000	Alessi 13        	 200.0
050.80000	+52.25000	Czernik 15       	   2.4
050.80000	+60.56278	FSR 0628         	   5.4
051.07917	+49.86167	Melotte 20       	 300.0
051.86250	+34.95333	Alessi Teutsch 9 	  57.6
051.95833	+56.39972	King 6           	   3.5
052.70000	+52.65000	Czernik 16       	   5.0
052.90833	+37.37667	NGC 1342         	  15.0
053.07083	+44.84000	ASCC 11          	  42.0
053.16250	+52.65389	Berkeley 9       	   6.3
053.52500	+51.40833	NGC 1348         	   6.0
054.88333	+66.48583	Berkeley 10      	  10.0
055.09167	+82.23333	SAI 30           	   3.0
055.10000	+59.41944	FSR 0634         	   1.2
056.10833	+29.66667	Alessi Teutsch 10	  25.0
056.14167	+32.16333	IC 348           	   8.0
056.75000	+24.11667	Melotte 22       	 120.0
056.82500	+53.90972	Juchert 11       	   5.0
056.95000	+59.05000	Tombaugh 5       	  14.0
057.35417	+52.65833	NGC 1444         	   4.0
057.90417	+51.51667	Majaess 36       	   4.0
058.10000	+61.95000	Czernik 17       	   8.0
058.83750	+58.39167	Juchert 9        	   3.0
058.89583	+54.02056	FSR 0654         	   3.1
059.05833	+53.86500	FSR 0655         	   1.4
059.46250	-76.79500	NGC 1520         	   7.2
059.72083	+53.63167	FSR 0656         	   1.5
059.75000	+51.80000	King 7           	   7.0
059.79583	+57.22694	FSR 0647         	   2.5
059.82500	+57.23722	Alicante 1       	   2.0
060.07500	-12.01500	NGC 1498         	   7.6
060.58333	+52.44417	Juchert 19       	   2.0
060.65833	+51.93222	FSR 0660         	   2.6
060.82917	+51.29944	Majaess 41       	  25.0
060.95000	+51.01806	Majaess 42       	   2.0
061.13333	+52.66167	NGC 1496         	   4.0
061.30000	+51.52222	FSR 0665         	   4.3
061.67917	+27.54278	Dolidze 14       	  19.0
061.78750	+51.17167	FSR 0667         	   2.8
061.95833	+62.33167	NGC 1502         	   8.0
062.48750	+49.51500	NGC 1513         	  10.0
062.69583	+46.86694	Juchert 20       	   5.0
063.08750	+48.73528	FSR 0674         	   2.0
063.29583	-70.47167	NGC 1557         	  26.0
063.84583	+51.21500	NGC 1528         	  16.0
064.20833	+41.06667	SAI 36           	   3.0
064.65000	+52.85833	Waterloo 1       	   5.0
064.75000	+58.30000	IC 361           	   6.0
064.93750	+53.16667	Mayer 2          	   3.0
065.15000	+44.91667	Berkeley 11      	   5.0
065.23750	+50.25333	NGC 1545         	  18.0
065.33333	+36.91667	NGC 1548         	  30.0
065.62500	+51.84444	FSR 0671         	   0.6
066.05417	+29.70389	FSR 0756         	   4.2
066.12500	+54.96694	FSR 0662         	   3.6
066.46250	+46.09806	FSR 0686         	   1.3
066.72500	+15.86667	Melotte 25       	 330.0
067.00000	+30.93333	Czernik 18       	   5.0
067.91250	+43.74333	NGC 1582         	  24.0
068.72083	+45.27000	NGC 1605         	   6.0
068.88333	-65.75000	NGC 1641         	  11.0
069.52500	+50.75000	Berkeley 67      	  10.0
069.87083	+48.19444	FSR 0687         	   1.5
070.15000	+50.46167	NGC 1624         	   3.0
070.40417	+71.23667	Platais 3        	 216.0
070.69167	+41.92194	FSR 0714         	   2.6
071.07917	+41.81417	FSR 0719         	   2.6
071.12500	+42.06667	Berkeley 68      	  12.0
071.15000	+42.68333	Berkeley 12      	   4.0
071.23750	+41.51250	FSR 0723         	   0.8
071.28333	+39.77556	FSR 0733         	   3.9
071.36250	+41.97583	Majaess 50       	  17.0
071.47917	+19.11500	NGC 1647         	  40.0
071.50833	+55.20667	Alessi 2         	  30.0
071.52500	+42.13417	FSR 0717         	   2.1
071.58750	+41.95194	FSR 0721         	   5.6
071.62500	+44.73333	Ruprecht 148     	   4.0
072.11250	+10.93667	NGC 1662         	  20.0
072.24167	+13.14833	NGC 1663         	  12.0
072.47917	+41.73000	ASCC 12          	  30.0
072.51667	-25.95667	ESO 485 20       	   5.0
072.77500	+43.67500	NGC 1664         	   9.0
072.91667	+45.76472	FSR 0702         	   0.4
073.47083	+40.86167	FSR 0735         	   6.0
073.92917	+36.78194	Teutsch 5        	   3.2
073.96667	+52.80000	Berkeley 13      	   8.8
074.02917	+47.38444	FSR 0699         	   1.0
074.28750	+28.77972	Czernik 19       	   8.0
074.55833	+43.01333	Skiff J0458+43.0 	   5.0
074.64583	+47.98583	FSR 0696         	   1.9
074.64583	-68.84444	NGC 1785         	   6.0
074.87500	+38.01167	FSR 0744         	   1.6
075.05000	+43.46667	Berkeley 14      	   5.0
075.29167	+35.79472	FSR 0759         	   0.8
075.45417	+44.12833	FSR 0722         	   0.7
075.52083	+44.50000	Berkeley 15      	   8.0
075.55833	+36.79000	FSR 0753         	   1.9
075.65000	+42.54861	FSR 0732         	   2.5
075.84167	+42.41361	FSR 0734         	   1.3
075.86250	+52.83333	NGC 1708         	  20.0
075.95833	+23.77000	NGC 1746         	  42.0
075.97917	+23.65833	NGC 1750         	  20.0
076.14583	+23.79833	NGC 1758         	   9.0
076.58333	+39.16389	Bica 6           	   7.0
076.64583	+34.85667	Dolidze 15       	  16.5
076.77083	+38.41806	SAI 41           	   2.0
076.80833	+30.84278	Skiff J0507+30.8 	   6.0
076.84167	+22.27833	Platais 4        	 204.0
077.01667	+37.02333	NGC 1778         	   8.0
077.07083	+49.86889	SAI 43           	   2.0
077.09167	+39.06889	King 17          	   6.5
077.50417	+38.82528	Teutsch 132      	   5.0
077.55833	+24.10833	NGC 1802         	  25.0
077.75833	+52.11833	NGC 1790         	  15.0
077.79167	+45.71278	FSR 0716         	   5.1
077.91250	+47.69167	NGC 1798         	   5.0
078.06250	+16.69000	NGC 1817         	  16.0
078.16250	+73.97472	Collinder 464    	 120.0
078.32917	+44.58000	ASCC 13          	  84.0
078.68333	+32.68861	Dolidze 16       	  19.8
079.00000	-45.23667	ESO 252 14       	   3.0
079.54167	+33.37361	Melotte 31       	 135.0
079.54583	-68.45000	NGC 1901         	  10.0
079.65000	+37.62500	Kronberger 18    	   4.0
079.90417	+36.50889	SAI 46           	   3.0
080.02500	+39.34333	NGC 1857         	   8.0
080.04583	-26.04833	ESO 486 54       	   5.0
080.12917	+35.22000	ASCC 14          	  26.4
080.13333	+39.54722	Czernik 20       	  36.0
080.15000	+30.60000	Berkeley 17      	   7.0
080.55000	+45.40000	Berkeley 18      	  12.0
080.65417	+36.55000	ASCC 15          	  24.0
080.68333	+33.41167	NGC 1893         	  25.0
080.72083	+41.08083	Collinder 62     	  35.0
080.83750	+33.50806	Dolidze 18       	  14.3
080.92500	 +8.18333	Dolidze 19       	  23.0
080.97500	+11.46667	Dol Dzim 2       	   5.0
080.99167	+42.31444	SAI 47           	   3.0
081.02500	+29.60000	Berkeley 19      	   4.0
081.07083	+33.50056	SAI 48           	   4.0
081.15000	 +1.80000	Briceno 1        	  74.4
081.15000	+32.65000	Berkeley 69      	   3.0
081.30000	+30.17000	ASCC 17          	  30.0
081.39583	+34.95750	FSR 0775         	   6.3
081.42500	+29.32833	NGC 1896         	  20.0
081.42500	+41.90000	Berkeley 70      	   6.0
081.46667	+34.87500	Majaess 58       	  14.0
081.47500	+46.49000	NGC 1883         	   3.0
081.52500	+16.70028	Collinder 65     	 220.0
081.54167	 +0.82000	ASCC 18          	  74.4
081.60417	+50.78417	SAI 49           	   6.0
081.67083	+36.01361	Czernik 21       	   6.0
081.79583	 +6.26667	Mamajek 3        	 250.0
081.85000	 +7.06667	Dolidze 21       	  12.0
081.87917	+34.73361	FSR 0777         	   6.7
081.94583	 -1.98000	ASCC 19          	  96.0
081.95417	+33.79333	Dolidze 20       	  10.0
082.00417	+40.37167	Waterloo 2       	   4.0
082.02083	+35.32500	NGC 1907         	   7.0
082.02917	+34.42333	Stock 8          	  12.0
082.08750	+34.77500	Kronberger 1     	   1.6
082.16667	+35.84833	NGC 1912         	  20.0
082.18333	 +1.63000	ASCC 20          	  90.0
082.24583	 +3.65000	ASCC 21          	  96.0
082.57500	+38.23139	Teutsch 52       	   4.8
082.85417	+34.24500	NGC 1931         	  17.0
083.15417	 +0.18833	Berkeley 20      	   2.0
083.34583	+39.84556	FSR 0761         	   0.8
083.42500	+26.48333	Dol Dzim 3       	   4.5
083.59167	+25.59556	FSR 0842         	   1.2
083.66250	+39.13667	FSR 0763         	   2.5
083.77500	 +9.93333	Collinder 69     	  70.0
083.78333	 -4.34306	NGC 1981         	  22.0
083.81667	 -4.82000	NGC 1977         	  20.0
083.81667	 -5.39000	Trapezium        	  47.0
083.85000	 -5.91500	NGC 1980         	  20.0
083.87500	 -1.10000	Collinder 70     	 140.0
083.97500	+25.95000	Dol Dzim 4       	  12.0
084.07500	+34.14000	NGC 1960         	  10.0
084.14167	+31.85556	FSR 0807         	   8.0
084.20417	+31.21167	FSR 0814         	   2.4
084.21250	+31.21083	Koposov 36       	   9.0
084.42500	+31.32417	FSR 0815         	   2.8
084.54167	+25.81667	NGC 1996         	  22.0
084.55417	+31.73333	FSR 0812         	  10.0
084.59583	+27.44972	Majaess 61       	   4.0
084.67500	 -2.60000	Sigma Orionis    	  10.0
084.75000	+37.93333	Stock 10         	  25.0
084.82083	-17.84667	NGC 2017         	  12.0
084.82083	+31.50139	FSR 0816         	   0.8
084.86250	+30.89333	FSR 0817         	   1.2
084.87083	+33.34611	Teutsch 1        	   2.0
084.87500	+33.35000	Koposov 27       	   3.0
085.22917	+32.27778	Berkeley 71      	   6.2
085.34167	+39.23639	Teutsch 2        	   5.6
085.47083	+29.90472	FSR 0821         	   9.9
085.59167	+22.82611	FSR 0855         	   1.8
085.65833	+29.56556	FSR 0823         	   8.1
085.68333	+30.97139	Teutsch 45       	   4.0
085.71667	+28.94139	FSR 0826         	  10.0
085.80000	+20.13333	NGC 2026         	  16.0
085.96667	+21.71028	Koposov 77       	   4.8
086.00417	+55.79333	NGC 2013         	   6.0
086.02500	-33.93500	NGC 2061         	  18.0
086.09167	+28.82028	Teutsch 10       	   6.0
086.31250	+24.75361	FSR 0850         	   0.8
086.87083	+35.43222	Koposov 10       	   4.0
087.12500	+30.21667	Basel 4          	   3.6
087.16667	 +7.35833	Collinder 74     	   6.0
087.18333	+26.36806	FSR 0846         	   1.2
087.35000	+33.63333	King 8           	   4.0
087.43333	+27.10833	Majaess 65       	  14.0
087.51667	+28.89472	Czernik 23       	   5.0
087.57500	+22.24972	Berkeley 72      	   8.0
087.80417	+25.77167	FSR 0849         	   0.8
087.92500	+21.78333	Berkeley 21      	   5.0
088.02083	+27.39167	Dutra Bica 83    	   3.5
088.05417	+26.99250	Majaess 68       	  22.0
088.06250	+29.91917	Koposov 43       	   8.0
088.07500	+32.55333	NGC 2099         	  14.0
088.07500	+29.90444	FSR 0828         	   2.7
088.39583	+25.18111	FSR 0852         	   8.0
088.43750	 +0.41000	NGC 2112         	  18.0
088.46667	+26.82972	Teutsch 51       	   3.6
088.78750	-59.91028	NGC 2132         	  24.0
088.85417	+20.88639	Czernik 24       	   6.0
089.55000	+21.96667	Basel 11b        	   7.0
089.55833	+16.55944	Majaess 69       	  15.0
089.61250	 +7.75667	Berkeley 22      	   1.5
090.23333	+35.27667	Koposov 12       	   9.2
090.24167	 -9.90333	Majaess 70       	  40.0
090.27917	+23.32222	NGC 2129         	   5.0
090.62083	+49.91778	NGC 2126         	   6.4
090.72917	+10.44667	NGC 2141         	  10.0
090.77917	 +5.72833	NGC 2143         	  11.0
091.02083	+20.28083	FSR 0894         	   1.9
091.04167	+31.49556	Kronberger 60    	   1.6
091.08333	+22.01444	FSR 0883         	   3.2
091.09167	+14.57278	FSR 0932         	   5.0
091.20833	-29.18306	ESO 425 06       	   5.0
091.20833	+24.05583	IC 2157          	   5.0
091.21250	+24.15833	IC 2156          	   4.0
091.49583	+13.66444	FSR 0942         	   8.0
091.62500	+19.23306	FSR 0900         	   0.6
091.85417	+24.09667	NGC 2158         	   5.0
091.89167	+19.11278	FSR 0903         	   1.3
092.10000	+13.96500	NGC 2169         	   5.0
092.20000	+24.33167	Kharchenko 1     	   7.0
092.22500	+24.33333	NGC 2168         	  40.0
092.22917	+26.26639	FSR 0856         	   1.0
092.23333	+26.26361	Koposov 53       	   8.4
092.28750	+25.67722	FSR 0858         	   1.8
092.29583	 +4.59306	Dias 2           	  11.0
092.33750	+31.23167	DC 8             	   2.0
092.36667	+24.92833	Dutra Bica 84    	   4.0
092.40000	-22.15167	Platais 5        	 300.0
092.41250	+20.48667	NGC 2175         	  22.0
092.45000	 +4.80722	NGC 2180         	  10.0
092.50833	+24.56056	Koposov 63       	   5.0
092.52083	+24.55861	FSR 0869         	   1.5
092.56250	+13.01306	FSR 0952         	   1.5
092.60833	+16.83694	FSR 0924         	   2.7
092.65000	+16.97111	FSR 0923         	   8.9
092.72500	+20.60722	Pismis 27        	   4.0
092.73750	+14.38250	FSR 0939         	   1.8
092.75000	 -3.48333	NGC 2184         	  35.0
092.76667	+51.67667	NGC 2165         	  10.0
093.03333	 +5.45361	NGC 2186         	   8.1
093.10417	+13.00722	FSR 0956         	   1.6
093.27500	 +6.98333	Czernik 25       	   5.0
093.42083	+14.99639	FSR 0937         	   0.9
093.43750	+12.80667	NGC 2194         	   9.0
093.56250	+22.49778	Kronberger 12    	   1.4
093.56667	+14.80500	FSR 0940         	   1.4
093.63750	 +0.64167	Ferrero 11       	  21.6
093.64583	-29.37500	ESO 425 15       	   6.0
093.69583	+12.87083	Skiff J0614+12.9 	   3.0
093.82083	+39.85500	NGC 2192         	   5.0
093.85833	 +3.84500	Platais 6        	 252.0
093.88750	-18.66500	NGC 2204         	  10.0
093.97083	+14.26667	Ivanov 2         	   2.0
094.20833	 +5.99667	NGC 2202         	   7.0
094.37083	+22.42722	FSR 0891         	   1.4
094.50000	+23.63333	Collinder 89     	  60.0
094.50833	+24.71056	Koposov 62       	   6.0
094.57917	+20.52833	FSR 0902         	   1.2
094.75833	+14.14806	FSR 0953         	  10.0
094.84167	+18.54167	Skiff J0619+18.5 	  20.0
095.08333	+46.67000	ASCC 23          	  43.2
095.14583	-44.67833	NGC 2220         	  13.0
095.20417	 -7.28333	NGC 2215         	   8.6
095.42500	 +2.36667	Collinder 91     	  13.0
095.44583	+15.73972	FSR 0941         	  12.0
095.50000	 -6.35000	Berkeley 73      	   2.0
095.72500	 +5.11667	Collinder 92     	  11.0
095.83750	 +4.59917	Dolidze 22       	  19.4
095.93333	 -4.67667	NGC 2219         	   7.0
096.04167	+18.02500	FSR 0927         	   2.4
096.34167	+14.58306	FSR 0957         	   0.8
096.34583	+13.87028	Teutsch 11       	   4.0
096.35417	+19.76667	Bochum 1         	  26.0
096.38333	+17.72000	FSR 0929         	   0.8
096.41667	+13.59833	Teutsch 12       	   6.6
096.47083	+15.86083	FSR 0948         	   4.0
096.65000	 -9.63833	NGC 2225         	   2.8
096.81250	 -4.75833	NGC 2232         	  53.0
096.88333	+12.65556	NGC 2224         	  14.0
096.96667	 +5.52778	Majaess 79       	   8.0
097.18333	 -7.02000	ASCC 24          	  42.0
097.33333	+16.75750	NGC 2234         	   8.0
097.35000	 +9.18028	Alessi 53        	   3.5
097.39167	-31.28333	NGC 2243         	   5.0
097.41250	 +6.83000	NGC 2236         	   7.0
097.55000	 +3.39333	FSR 1031         	   2.8
097.57500	 +2.86667	Collinder 96     	  12.0
097.70000	 -4.21667	Czernik 26       	   5.0
097.70833	 -9.65500	vdBergh 80       	  12.0
097.71250	 +9.94361	Collinder 95     	  27.0
097.73750	 +4.96917	NGC 2239         	  10.0
097.82500	+11.08083	FSR 0979         	   1.9
097.82500	 +5.91667	Collinder 97     	  25.0
097.86667	 +6.80333	Juchert 18       	   2.1
097.96250	+11.84389	FSR 0977         	   2.6
097.97917	 +4.94167	NGC 2244         	  29.0
098.17083	+12.53194	FSR 0974         	  12.0
098.29167	+35.25000	NGC 2240         	  11.0
098.37500	+20.55000	Berkeley 23      	   4.0
098.44583	 -5.08833	NGC 2250         	   4.0
098.55000	 +8.08333	Basel 8          	  29.0
098.65833	 -0.26694	FSR 1063         	   5.0
098.65833	 +8.36667	NGC 2251         	  10.0
098.67500	 +5.36667	NGC 2252         	  18.0
098.95417	 +7.67333	NGC 2254         	   5.0
098.99583	 -0.66778	FSR 1065         	   0.6
099.07500	-30.85833	ESO 426 26       	   5.0
099.08750	-14.14694	Ruprecht 1       	  16.0
099.12500	 +4.81667	Collinder 104    	  20.0
099.15000	 +8.35000	Basel 7          	   5.0
099.16667	 +5.60056	Majaess 82       	   3.0
099.17500	 +9.43333	Trumpler 5       	  15.4
099.25000	 +3.06667	vdBergh 1        	   5.0
099.27500	 +5.95000	Collinder 106    	  35.0
099.42500	 +4.73333	Collinder 107    	  29.0
099.44583	 -0.87194	Berkeley 24      	   7.0
099.51250	 -1.47333	NGC 2260         	  20.0
099.58750	+10.88333	NGC 2259         	   3.0
099.60000	 +2.01667	Collinder 110    	  18.0
099.67500	 +6.90000	Collinder 111    	   3.0
099.90833	 +1.14333	NGC 2262         	   5.0
099.98333	 +1.54667	FSR 1053         	   1.6
100.00000	+13.29944	FSR 0975         	   4.5
100.00000	-27.31667	vdBergh 83       	  25.0
100.24167	 +9.89500	NGC 2264         	  39.0
100.25000	-16.51667	Berkeley 25      	   5.0
100.25417	-29.55000	Ruprecht 2       	   3.0
100.42083	+11.90500	NGC 2265         	  12.0
100.48333	 -0.89667	FSR 1077         	   2.5
100.50417	-12.97417	DC 1             	   0.7
100.52917	-29.45417	Ruprecht 3       	   4.0
100.72917	 +0.04611	Dolidze 23       	  12.7
100.76667	 +1.67194	Alessi 15        	   0.9
100.82083	 +4.62500	NGC 2269         	   3.0
100.82917	+26.97000	NGC 2266         	   5.0
100.89583	 +2.17333	Alessi 16        	   0.5
100.97917	 +1.40472	Teutsch 13       	   6.0
100.98750	 +3.47833	NGC 2270         	  14.0
101.17083	 +1.68472	Dolidze 24       	  18.8
101.17917	 -0.53944	Patchick 90      	   3.0
101.27500	 +0.30000	Dolidze 25       	  20.0
101.36667	-11.79444	SAI 69           	   3.0
101.38333	+24.60000	ASCC 25          	  25.2
101.50417	-20.75667	NGC 2287         	  39.0
101.62500	 +1.76667	Collinder 115    	  10.0
101.72500	 +1.33333	vdBergh 85       	   4.0
101.76667	 -0.00694	Dolidze 49       	   2.2
101.91667	 -3.14833	NGC 2286         	  14.0
102.07083	+41.07833	NGC 2281         	  25.0
102.22500	 +0.38333	Bochum 2         	   1.5
102.22500	-10.53333	Ruprecht 4       	   3.0
102.25417	-23.99667	Berkeley 75      	   4.0
102.57500	 +5.75000	Berkeley 26      	   4.0
102.60000	 +7.25000	ASCC 26          	  20.4
102.62500	 +6.60389	FSR 1025         	   1.0
102.66250	-42.39000	ESO 309 03       	   6.0
102.83750	 +5.76861	Berkeley 27      	   2.0
102.93750	 +0.46000	NGC 2301         	  14.0
102.97917	 -7.08333	NGC 2302         	   5.0
103.05000	 +2.93333	Berkeley 28      	   3.0
103.05417	 +3.64167	FSR 1051         	   2.0
103.07917	 +2.19083	Alessi 59        	   2.5
103.12500	-23.66667	Ruprecht 149     	   5.0
103.29583	 -0.19194	FSR 1085         	   4.0
103.32500	+16.91667	Berkeley 29      	   6.0
103.47083	 -4.39000	ASCC 27          	  24.0
103.51250	-13.56750	DC 4             	   0.7
103.51667	 +6.72750	FSR 1029         	   1.2
103.51667	 -0.17000	ASCC 28          	  36.0
103.57500	 -1.65000	ASCC 29          	  26.4
103.62083	 -7.20333	NGC 2306         	  12.0
103.80417	+17.98250	NGC 2304         	  10.0
103.80833	-18.60000	Ruprecht 5       	   2.0
103.95000	 +0.22694	SAI 72           	   5.0
104.00000	-13.28333	Ruprecht 6       	   1.0
104.01250	 -7.17500	NGC 2309         	   5.0
104.08333	-24.72944	Collinder 121    	  60.0
104.25000	 -6.21000	ASCC 30          	  31.2
104.31667	 -6.62000	FSR 1144         	   0.6
104.40000	 +8.26667	Berkeley 31      	   5.0
104.42500	-13.21667	Berkeley 33      	   3.0
104.42500	 +3.21667	Berkeley 30      	   3.0
104.44583	 -4.61167	NGC 2311         	   6.0
104.52500	 +6.43333	Berkeley 32      	   6.0
104.56667	 +0.86500	FSR 1080         	   2.4
104.69583	+10.29500	NGC 2312         	   7.6
104.82917	 -9.09722	FSR 1163         	   1.5
104.86250	-13.69833	NGC 2318         	  20.0
104.92917	 -4.06667	Ivanov 9         	   1.0
105.05417	-10.32056	FSR 1171         	   2.0
105.08750	 -5.82667	Wit 1            	
105.09583	 -0.23222	Berkeley 34      	   2.0
105.11250	 -3.01000	Ferrero 10       	  10.0
105.12083	-20.56667	Tombaugh 1       	   5.0
105.13333	 -8.86667	Ivanov 4         	   4.0
105.13333	 +3.04167	NGC 2319         	  18.0
105.22500	 +3.50000	ASCC 31          	  20.4
105.36250	 -3.11750	Wit 2            	
105.42500	-13.58333	Ruprecht 8       	   3.0
105.49583	-26.50333	Alessi 33        	  60.0
105.52917	-21.91667	Ruprecht 9       	   1.0
105.62500	 -1.13083	Alessi 60        	   5.0
105.67500	 -8.38333	NGC 2323         	  14.0
105.76250	-67.41167	NGC 2348         	  10.0
105.77083	-20.81667	Tombaugh 2       	   3.0
105.79583	-25.05000	ASCC 33          	 108.0
105.80000	 +6.41667	Czernik 27       	   3.0
105.85000	 -5.05000	Bochum 3         	   4.0
105.97500	-11.53333	vdBergh 92       	   3.0
106.02917	 +1.04500	NGC 2324         	  10.6
106.06667	-19.75000	Auner 1          	   6.0
106.15417	 -6.61056	FSR 1150         	   3.0
106.32500	-12.32889	BDSB96           	  22.0
106.47917	-28.41667	Ruprecht 150     	   2.0
106.55000	-14.98333	Haffner 4        	   5.0
106.55833	-30.16667	ESO 427 32       	  10.0
106.62083	-20.10889	Ruprecht 10      	   4.0
106.66667	-11.73333	Berkeley 76      	   5.0
106.70417	-10.02833	NGC 2335         	   6.0
106.71667	-10.53833	Collinder 465    	   9.0
106.73333	-10.71500	Collinder 466    	   4.0
106.74583	+27.26167	NGC 2331         	  14.0
106.76667	-13.84750	FSR 1209         	   0.6
106.79167	-28.20000	Ruprecht 12      	   5.0
106.83750	-20.80000	Ruprecht 11      	   5.0
106.85833	-12.79833	FSR 1202         	   4.5
106.86250	 -8.86750	FSR 1170         	   1.6
106.94583	 -5.72000	NGC 2338         	   7.0
106.96250	-25.86972	Ruprecht 13      	   4.5
107.02500	-10.61667	NGC 2343         	   5.0
107.07500	-13.19333	NGC 2345         	  12.0
107.08333	-12.89111	FSR 1204         	   1.2
107.28750	 -1.51194	FSR 1113         	   0.8
107.35000	-16.95000	Haffner 23       	  11.0
107.48333	 +2.73361	Berkeley 35      	   6.0
107.55000	+75.20333	OCl 374          	   4.5
107.62500	 +6.07000	ASCC 34          	  36.0
107.62917	 -8.42750	Dias 3           	  16.0
107.69583	 -9.33667	Alessi 21        	  42.0
107.70000	 -8.59333	NGC 2349         	  18.0
108.16667	 +2.12000	ASCC 35          	  48.0
108.27083	-24.03833	NGC 2352         	   6.0
108.34167	 -9.87167	FSR 1183         	   6.0
108.37917	-10.48667	NGC 2351         	  10.0
108.54167	-25.69000	NGC 2354         	  18.0
108.59167	 -5.67056	FSR 1153         	   1.3
108.62500	-10.26667	NGC 2353         	  18.0
108.62917	-21.12000	ASCC 36          	  21.6
108.72917	-31.36667	Ruprecht 14      	   3.0
108.83333	-30.68333	Collinder 132    	  80.0
109.10000	-13.19306	Berkeley 36      	   5.0
109.12083	-46.68500	Alessi 3         	  72.0
109.23333	-17.11667	NGC 2358         	  20.0
109.24583	+13.75000	NGC 2355         	   7.0
109.27083	-35.28000	ESO 367 10       	   3.0
109.27500	-13.96667	Basel 11a        	   5.0
109.32083	-36.81667	Collinder 135    	  50.0
109.42917	-15.64167	NGC 2360         	  13.0
109.51667	-24.48000	ASCC 37          	  19.2
109.52083	-18.59500	ESO 559 02       	   1.0
109.61667	-17.61306	Teutsch 49       	   8.4
109.62917	-18.37083	Majaess 86       	  11.0
109.67083	-24.95500	NGC 2362         	   5.0
109.77917	-22.02778	Bica 4           	   2.5
109.88750	-19.63333	Ruprecht 15      	   2.0
110.02500	-21.88167	NGC 2367         	   5.0
110.02500	-13.13333	Haffner 6        	   6.0
110.10000	 -1.10000	Berkeley 37      	   4.0
110.19167	 -7.55000	NGC 2364         	  13.0
110.22083	-19.64750	FSR 1255         	   2.6
110.23333	 +1.80806	Saurer 1         	   2.6
110.23750	-22.86667	Juchert 12       	   2.0
110.36250	 -3.23361	Berkeley 77      	   6.2
110.44583	 -0.98500	King 23          	   7.2
110.50833	 -8.97944	Wit 3            	
110.72917	-29.50000	Haffner 7        	   3.0
110.80417	-19.45139	Ruprecht 16      	   3.5
110.85000	-12.33333	Haffner 8        	   5.0
110.90000	-23.18333	Ruprecht 17      	   3.0
110.90833	 +5.37083	Berkeley 78      	   6.0
110.98333	-13.26333	NGC 2374         	  12.0
111.02917	-25.89889	Majaess 88       	   6.0
111.05833	-24.63333	Ivanov 6         	   4.5
111.11250	-31.85000	Collinder 140    	  60.0
111.15833	-24.58306	Majaess 89       	   5.0
111.16250	-26.21667	Ruprecht 18      	   7.0
111.16667	-20.94833	NGC 2383         	   5.0
111.17500	-17.00278	Haffner 9        	   4.0
111.18750	-24.49278	Majaess 90       	   5.0
111.29167	-21.02167	NGC 2384         	   5.0
111.46250	-21.58333	Ruprecht 19      	   5.0
111.52083	-21.18417	FSR 1270         	   7.9
111.53333	-15.09333	Waterloo 7       	   2.6
111.57083	-18.43194	FSR 1253         	   6.0
111.59583	-47.66667	Melotte 66       	  14.0
111.60417	-24.20000	Trumpler 6       	   6.0
111.67917	-28.81667	Ruprecht 20      	   5.0
111.73333	-31.18333	Ruprecht 21      	  11.0
111.75000	-37.52111	DC 3             	   0.7
111.79583	 -5.55000	ASCC 38          	  31.2
111.80000	+13.60833	NGC 2395         	  14.0
111.84167	-23.95000	Trumpler 7       	   5.0
112.00000	-11.71667	NGC 2396         	  10.0
112.02500	-21.79611	FSR 1275         	   4.0
112.07500	-15.40000	Czernik 29       	   5.0
112.15000	-15.38333	Haffner 10       	   3.0
112.15000	 +7.08667	NGC 2394         	   8.0
112.17500	-20.82500	ESO 559 13       	  10.0
112.23333	-18.31667	Haffner 24       	   2.0
112.32500	-29.18333	Ruprecht 22      	   3.0
112.35000	-13.96667	NGC 2401         	   2.0
112.52500	-18.53333	Mayer 3          	   4.0
112.52500	+11.90000	Dolidze 26       	  23.0
112.55000	-15.83333	Waterloo 8       	  12.0
112.66250	-23.39333	Ruprecht 23      	  12.0
112.66667	-15.30000	Ivanov 7         	   2.8
112.75000	-16.93333	Bochum 5         	  15.0
112.79167	-15.42944	FSR 1234         	   4.8
112.82500	 -9.96667	Czernik 30       	   3.0
112.90417	-17.19333	Bochum 4         	   5.0
112.97083	-13.86000	FSR 1227         	   0.4
112.97083	-12.76361	Ruprecht 24      	   5.0
113.00000	-19.41667	Bochum 6         	  10.0
113.25000	-22.95000	ASCC 39          	  36.0
113.27917	-13.40000	NGC 2413         	  24.0
113.30000	-15.45333	NGC 2414         	   5.0
113.35000	-28.18750	ESO 429 02       	   3.0
113.36667	-20.51667	Ruprecht 40      	   2.0
113.40000	-13.76000	ASCC 40          	  21.6
113.63750	-15.97278	FSR 1243         	   0.8
113.66667	-19.78972	Teutsch 61       	   3.0
113.87500	-27.69972	Haffner 11       	   7.0
114.05417	-20.61167	NGC 2421         	   6.0
114.14583	-14.48333	NGC 2422         	  25.0
114.19583	-23.38333	Ruprecht 25      	   2.0
114.24583	-20.50972	Czernik 31       	   6.0
114.25833	-32.19833	ESO 429 05       	   1.2
114.27500	-13.87167	NGC 2423         	  12.0
114.29583	-15.66306	Ruprecht 26      	  11.0
114.29583	-26.38833	Alessi 18        	   1.4
114.37500	-12.06667	Melotte 71       	   7.0
114.42083	-26.52944	Ruprecht 27      	  11.0
114.43333	-36.06667	BH 4             	   2.0
114.57083	-14.87833	NGC 2425         	   8.0
114.59583	+21.57333	NGC 2420         	   5.0
114.60000	-10.68333	Melotte 72       	   5.0
114.69167	-33.84333	Arp Madore 2     	   2.0
114.82500	-10.55000	Collinder 467    	   2.0
114.83750	-16.52833	NGC 2428         	  12.0
114.90000	-30.93333	Ruprecht 28      	   5.0
114.92083	-16.29667	NGC 2430         	  15.0
114.93750	-27.29333	ESO 493 03       	   7.0
115.02500	-33.53333	Bochum 15        	   3.0
115.03750	+71.65500	NGC 2408         	  28.0
115.12500	-30.08333	Haffner 13       	  14.0
115.18750	-31.69333	NGC 2439         	   9.0
115.22083	-19.07667	NGC 2432         	   6.0
115.28333	-30.73833	ESO 429 13       	   4.0
115.32500	-24.35000	Ruprecht 29      	   5.0
115.32500	-16.25000	Ruprecht 151     	   7.0
115.44167	-14.81000	NGC 2437         	  20.0
115.74167	-35.59722	Ruprecht 31      	   3.0
115.80000	-38.40000	NGC 2451A        	 120.0
116.09167	-34.61861	ESO 368 11       	   6.0
116.11250	-37.66667	NGC 2451B        	 108.0
116.12500	-23.85667	NGC 2447         	  10.0
116.14167	-24.68000	NGC 2448         	  20.0
116.21250	-28.36667	Haffner 14       	  10.0
116.29167	-25.53333	Ruprecht 32      	   5.0
116.38333	-32.85000	Haffner 15       	   4.0
116.44583	-46.71333	ESO 258 01       	  10.0
116.48333	-20.39000	Ruprecht 34      	   9.0
116.49167	-21.95000	Ruprecht 33      	   9.0
116.55833	-31.28000	Ruprecht 35      	   6.0
116.67500	 -4.60000	Berkeley 39      	   7.0
116.75833	 +0.01833	Herschel 1       	  43.2
116.76250	-32.96833	ESO 368 14       	   4.0
116.76250	-32.97000	FSR 1343         	   1.8
116.89583	-27.19500	NGC 2453         	   4.0
117.09583	-26.30000	Ruprecht 36      	   5.0
117.11250	-27.91417	Teutsch 25       	   5.0
117.16667	-26.94667	AH03 J0748 26.9  	   4.0
117.17500	-26.98472	FSR 1315         	   2.5
117.25417	-21.30167	NGC 2455         	   8.0
117.34583	-25.56861	FSR 1308         	   1.8
117.35000	-42.70500	ESO 311 14       	   6.0
117.45000	-17.24639	Ruprecht 37      	   2.8
117.58333	-25.46667	Haffner 16       	   5.0
117.62500	-20.18333	Ruprecht 38      	   2.0
117.62500	-29.84583	Czernik 32       	   3.0
117.77917	-22.13056	FSR 1294         	   0.7
117.90417	-31.81667	Haffner 17       	   2.0
118.02917	-28.12250	SAI 81           	   7.0
118.04167	-38.53000	NGC 2477         	  15.0
118.05833	-33.04083	SAI 82           	   3.0
118.07917	-22.45000	Ruprecht 39      	   2.0
118.10833	-26.43667	NGC 2467         	  14.0
118.12500	-60.33000	ESO 123 26       	  16.0
118.16250	-26.38333	Haffner 18       	   5.0
118.19583	-26.28333	Haffner 19       	   2.0
118.25417	-53.04500	Alessi Teutsch 3 	  43.2
118.27500	-28.17000	ASCC 43          	  42.0
118.45000	-26.96111	Ruprecht 41      	   7.0
118.61667	-38.23722	Ruprecht 152     	   7.0
118.77500	-17.71000	NGC 2479         	  10.0
118.77500	-25.36500	Waterloo 3       	   2.0
118.80000	-24.25833	NGC 2482         	  10.0
118.91250	-27.89500	NGC 2483         	   7.0
118.91667	-25.88333	Trumpler 9       	   5.0
119.06250	-30.06333	NGC 2489         	   6.0
119.06250	-30.36667	Haffner 20       	   3.0
119.40000	-25.91667	Ruprecht 42      	   4.0
119.50000	-29.28500	Turner 12        	
119.51667	-60.75333	NGC 2516         	  30.0
119.59167	-34.76917	Kronberger 85    	   2.0
119.69167	-28.81111	Ruprecht 43      	  12.0
119.71250	-28.58333	Ruprecht 44      	  10.0
119.81667	-27.58500	ESO 494 09       	   3.0
119.82917	-22.69167	ESO 561 05       	   7.0
119.90000	-16.30000	Ruprecht 45      	   9.0
120.00417	-10.77000	NGC 2506         	  12.0
120.07917	-30.28333	Ruprecht 153     	   3.0
120.20000	-19.05167	NGC 2509         	   6.0
120.28750	-27.21667	Haffner 21       	   3.0
120.42500	-41.59917	ESO 311 21       	   5.0
120.44167	-44.41667	Ruprecht 154     	   3.0
120.45000	-50.55833	Alessi 34        	  48.0
120.57917	-31.06667	Ruprecht 47      	   4.0
120.60000	-29.77667	ESO 430 09       	   0.8
120.67917	-32.05056	Ruprecht 48      	   3.0
120.70417	-46.38333	Collinder 173    	 370.0
120.81250	-26.76667	Ruprecht 49      	   2.0
120.86250	-30.86667	Ruprecht 50      	   3.0
120.90417	-30.65000	Ruprecht 51      	   4.0
120.90417	-31.42667	ESO 430 14       	   5.0
121.24167	-28.14667	NGC 2527         	  10.0
121.27083	-31.81667	Ruprecht 155     	   3.0
121.28750	-31.96667	Ruprecht 52      	   3.0
121.71667	-30.83667	ESO 430 18       	  12.0
121.76667	-29.88333	NGC 2533         	   5.0
121.77083	-32.35000	BH 19            	   3.0
121.78750	-36.06889	Teutsch 50       	   4.4
122.06250	-36.60917	SAI 86           	   6.0
122.38333	-47.33667	Pozzo 1          	  18.0
122.53750	-49.21500	NGC 2547         	  25.0
122.65417	-12.81833	NGC 2539         	   9.0
122.66250	-34.62194	FSR 1363         	   2.5
122.72500	-26.00000	Ruprecht 53      	   5.0
122.77083	-39.99750	FSR 1380         	   4.0
122.83750	-31.94722	Ruprecht 54      	   6.0
123.06250	-37.59500	NGC 2546         	  70.0
123.11250	-32.58333	Ruprecht 55      	   5.0
123.11250	-27.90000	Haffner 22       	   6.0
123.13750	-40.46667	Ruprecht 56      	  39.0
123.24167	-41.88361	SAI 88           	   2.0
123.42917	 -5.75000	NGC 2548         	  30.0
123.60000	-36.38333	BH 23            	  39.0
123.69583	-31.95000	Ruprecht 58      	   5.0
123.77083	-26.96667	Ruprecht 57      	   5.0
123.91250	-30.83333	Haffner 26       	   5.0
123.95833	-35.65000	ASCC 45          	  24.0
124.14167	-48.51000	ASCC 46          	  48.0
124.47083	-35.88000	Majaess 95       	   3.0
124.47500	-41.66667	Pismis 2         	   4.0
124.57500	-37.10000	Pismis 1         	   3.0
124.63333	-30.64000	NGC 2567         	   7.0
124.73333	-29.75000	NGC 2571         	   8.0
124.79167	-35.65000	Ivanov 8         	   2.8
124.82083	-45.20833	Moitinho 1       	   3.0
124.83750	-34.48333	Ruprecht 59      	   3.0
125.21667	-36.21667	NGC 2579         	   7.0
125.36667	-30.30000	NGC 2580         	   3.5
125.43750	-42.08194	Majaess 99       	  10.0
125.55000	-36.40000	AH03 J0822 36.4  	  12.0
125.70417	-41.61944	Majaess 101      	   2.0
125.79167	-32.97500	NGC 2588         	   2.0
125.81250	-41.76833	Majaess 104      	   6.0
125.83750	-36.33333	Collinder 185    	  10.0
125.85417	-29.50833	NGC 2587         	  16.0
126.05417	-29.16667	Collinder 187    	   5.0
126.10833	-41.29778	ESO 312 03       	   6.0
126.10833	-47.21417	Ruprecht 60      	   8.0
126.13333	-41.29694	FSR 1394         	   1.0
126.32083	-34.15000	Ruprecht 61      	   2.0
126.36667	-39.63389	Saurer 2         	   3.0
126.71250	-41.24417	ESO 312 04       	   2.0
126.78750	-34.70500	ESO 370 13       	   2.0
126.99583	-41.76944	SAI 90           	   7.0
127.09167	-40.08528	FSR 1390         	   0.8
127.38333	-61.11000	NGC 2609         	   5.0
127.45417	-19.10000	Ruprecht 157     	   6.0
127.81250	-44.50000	BH 34            	  25.0
127.84167	-38.65000	Pismis 3         	   5.0
127.92083	-41.79167	ESO 313 03       	   2.5
127.93333	-39.13167	Alessi Teutsch 7 	  60.0
127.96667	-36.19972	ESO 370 17       	   3.0
128.12917	-41.98806	Teutsch 64       	   4.6
128.13333	-19.68333	Ruprecht 62      	   6.0
128.16667	-48.30556	Ruprecht 63      	  14.0
128.62500	-37.61000	ASCC 48          	  38.4
128.65000	-44.41667	Pismis 4         	  25.0
128.95417	-43.61667	BH 37            	   3.0
129.26250	-50.06444	SAI 91           	   4.0
129.28750	-44.15306	FSR 1412         	   1.9
129.31250	-29.95500	NGC 2627         	   8.0
129.33333	-40.15000	Ruprecht 64      	  70.0
129.40833	-39.58333	Pismis 5         	  12.0
129.43333	-46.02639	FSR 1429         	   1.3
129.60833	-34.77000	NGC 2635         	   8.0
129.76250	-46.23333	NGC 2645         	   3.0
129.81667	-44.05000	Ruprecht 65      	   5.0
129.85833	-47.35694	FSR 1443         	   2.7
129.90000	-47.10833	FSR 1441         	   5.4
130.09167	-44.73361	FSR 1415         	   3.0
130.10000	+19.66667	NGC 2632         	  70.0
130.13333	-53.03333	IC 2391          	  60.0
130.14167	-38.08000	Ruprecht 66      	   8.0
130.28333	-38.70000	Pismis 7         	   3.0
130.40000	-46.26667	Pismis 8         	   3.0
130.41250	-43.36667	Ruprecht 67      	   6.0
130.52500	-79.02722	Mamajek 1        	  40.0
130.62500	-48.11333	IC 2395          	  18.6
130.65417	-44.98333	NGC 2659         	   5.0
130.65833	-47.20000	NGC 2660         	   3.5
130.72083	-27.87333	ESO 432 03       	   8.0
130.86250	-32.65833	NGC 2658         	   6.0
130.92917	-37.71333	ESO 313 11       	   4.0
130.97083	-40.23167	ESO 313 12       	  10.0
131.14583	-35.90000	Ruprecht 68      	  10.0
131.15000	-47.60000	Ruprecht 69      	   2.0
131.16667	-46.29611	SAI 94           	   5.0
131.20000	-45.96667	Bochum 7         	  20.0
131.21250	-41.23333	Collinder 197    	  25.0
131.25000	-31.63333	Collinder 196    	   3.0
131.32500	-31.76667	Collinder 198    	   5.0
131.37500	-48.80000	NGC 2670         	   7.0
131.55000	-41.87833	NGC 2671         	   6.0
131.56250	-47.69833	ESO 260 06       	   2.0
131.59167	-52.94833	NGC 2669         	  20.0
131.62500	-52.90000	BH 52            	   6.0
131.79583	-52.07500	ESO 211 01       	   4.0
131.97500	-42.45000	Trumpler 10      	  29.0
131.99167	-38.05833	Teutsch 38       	  54.0
132.00000	-47.03000	ESO 260 07       	   5.0
132.27500	-46.83333	Ruprecht 70      	   5.0
132.34583	-46.85000	Ruprecht 71      	   6.0
132.42083	-44.36667	BH 54            	   4.0
132.44583	+44.70333	NGC 2666         	  11.0
132.50833	+11.33833	NGC 2678         	  13.0
132.52917	+11.94500	Chupina 1        	   5.0
132.57083	-41.72000	Alessi 43        	  48.0
132.62500	+12.29500	Chupina 2        	   2.1
132.82500	+11.80000	NGC 2682         	  25.0
132.86250	+11.39500	Chupina 3        	   2.9
132.89167	-50.24528	ESO 211 03       	   5.0
132.95417	-44.26306	FSR 1430         	   4.0
133.00000	+12.37833	Chupina 4        	   5.0
133.25000	-35.47667	ESO 371 25       	   3.0
133.25417	+11.86167	Chupina 5        	   4.5
134.04583	-39.51667	BH 55            	   2.0
134.28333	-43.25000	BH 56            	  20.0
134.30000	-47.76667	Muzzio 1         	  10.0
135.13333	-48.98333	Collinder 205    	   5.0
135.29167	-50.91667	Ruprecht 73      	   3.0
135.65000	-43.63333	Pismis 10        	   2.0
136.20417	-46.04167	ESO 260 17       	   7.0
136.31250	-55.95500	ESO 165 09       	  15.0
137.37500	-59.12833	Platais 8        	 948.0
137.55000	-56.26667	BH 58            	   2.0
137.62500	-53.88667	ESO 166 04       	   4.0
137.84583	-47.04000	ESO 261 03       	  10.0
138.44583	-43.74000	Platais 9        	 396.0
138.97083	-50.01667	Pismis 11        	   2.0
139.00417	-36.62500	NGC 2818         	   9.0
139.18333	-50.28500	ESO 211 09       	   2.0
139.50000	-69.69000	ASCC 51          	  79.2
139.84583	-40.52333	NGC 2849         	   3.5
139.92083	-38.11667	ESO 314 14       	  10.0
140.00000	-45.11667	Pismis 12        	   5.0
140.07500	-60.40000	Ruprecht 159     	   2.0
140.12917	-52.84000	Teutsch 48       	   5.0
140.16250	-49.22306	BH 63            	   2.5
140.26250	-37.11667	Ruprecht 74      	   2.0
140.47917	-56.31667	Ruprecht 75      	   2.0
140.52917	-51.10000	NGC 2866         	   2.0
140.58333	-48.06639	Majaess 114      	   4.0
141.01667	-47.34889	FSR 1471         	  11.0
141.05417	-51.66667	Ruprecht 76      	   5.0
141.08750	-44.70500	ESO 261 07       	  33.0
141.32500	-54.71667	BH 66            	   4.0
141.42500	-53.23333	Miller 1         	   1.0
141.68750	-51.26667	BH 67            	   4.0
141.76667	-55.11667	Ruprecht 77      	   5.0
141.90833	-57.00000	IC 2488          	  18.0
141.99167	-54.26000	ASCC 52          	  32.4
142.15000	-46.60000	Teutsch 103      	   3.0
142.29167	-53.70000	Ruprecht 78      	   3.0
142.46250	-52.78333	Pismis 14        	   1.5
142.62500	-52.91833	NGC 2910         	   4.0
142.78333	-56.41667	Basel 20         	  10.0
142.85000	-53.05000	BH 72            	   2.0
142.98333	-50.21667	BH 73            	   1.5
143.29583	-53.39833	NGC 2925         	  10.0
143.37500	-52.38083	Teutsch 66       	   3.6
143.46250	-36.61500	Turner 5         	 180.0
143.68750	-48.03333	Pismis 15        	   3.6
143.70000	-54.70000	BH 75            	   3.0
143.85417	-39.53333	ESO 315 14       	   3.0
144.47083	-53.96222	FSR 1500         	   2.7
144.47917	-59.55000	ASCC 53          	  37.2
144.72083	-52.95778	SAI 108          	   6.0
145.05000	-50.32333	NGC 2972         	   3.0
145.13750	-50.58333	Hogg 1           	   6.0
145.24583	-53.85000	Ruprecht 79      	   5.0
145.50417	-44.02000	NGC 2982         	   5.0
145.51250	-44.01667	Ruprecht 80      	  12.0
145.75833	-52.12444	FSR 1496         	   1.5
145.75833	-52.12444	FSR 1496         	   1.5
145.89167	-50.79250	SAI 109          	   5.0
145.92500	-56.55000	BH 78            	   1.5
146.19167	-54.44000	ASCC 54          	  26.4
146.30000	-44.10000	Ruprecht 81      	   5.0
146.44167	-54.00000	Ruprecht 82      	   5.0
147.00417	-55.06694	FSR 1509         	   2.0
147.15417	-56.42167	NGC 3033         	   4.0
147.28333	-65.25000	Ruprecht 84      	   4.0
147.31250	-54.60000	Ruprecht 83      	   3.0
147.31667	-62.67167	NGC 3036         	   4.0
147.81667	-53.16667	Pismis 16        	   2.0
147.88333	-56.31667	Hogg 2           	   6.0
148.57500	-57.08000	ASCC 55          	  27.6
148.67917	-50.91667	Collinder 213    	  17.0
148.88750	-28.98667	ESO 435 09       	  14.0
149.09167	-47.03333	Ruprecht 160     	   2.0
149.68750	-30.91000	ESO 435 17       	   4.0
149.87083	-54.51778	FSR 1518         	   2.7
150.16250	-54.78833	NGC 3105         	   2.0
150.32917	-58.21667	BH 84            	   4.0
150.35833	-55.11667	Ruprecht 85      	   3.0
150.40000	-59.46667	Ruprecht 86      	  12.0
150.46667	-49.56667	BH 85            	   3.0
150.65000	-60.12000	NGC 3114         	  35.0
150.80000	-58.15000	Loden 28         	  20.0
150.80833	-64.75333	ESO 092 05       	   5.0
150.97500	-32.05333	ESO 435 33       	   3.0
151.07500	-55.43333	BH 87            	   3.0
151.16250	-55.85806	Schuster 1       	   1.3
151.22500	-61.60000	Trumpler 11      	   5.0
151.26250	-55.80000	Loden 1          	  21.0
151.58750	-60.38333	Hogg 5           	   3.0
151.62083	-60.30000	Trumpler 12      	   4.0
151.62500	-51.56667	BH 88            	   4.0
151.65417	-60.50000	Hogg 6           	   3.0
151.97917	-59.19694	FSR 1535         	   2.2
152.05417	-64.37000	ASCC 56          	  42.0
152.19167	-61.25000	Ruprecht 161     	  32.0
152.39583	-28.35833	ESO 435 48       	   4.0
152.70000	-66.68000	ASCC 57          	  45.6
152.77500	-56.60000	Loden 27         	   3.5
153.04167	-58.06667	BH 90            	   4.0
153.51250	-29.19000	ESO 436 02       	   5.0
153.74167	-64.61167	ESO 092 18       	   5.0
153.77917	-54.97000	ASCC 58          	  48.0
153.88333	-50.71667	Ruprecht 87      	   4.0
154.32500	-58.70000	BH 91            	   5.0
154.72917	-63.13333	Ruprecht 88      	   5.0
154.77917	-56.41667	BH 92            	   2.0
155.05417	-57.65000	ASCC 59          	  42.0
155.34167	-51.72833	NGC 3228         	   5.0
155.35000	-54.45056	Teutsch 44       	   4.0
155.41250	-69.33500	ESO 062 08       	   5.0
155.68333	-59.50556	SAI 113          	   2.0
155.75000	-54.80000	Loden 46         	  38.0
155.95000	-60.13333	Trumpler 13      	   5.0
156.00833	-57.76667	Westerlund 2     	   2.0
156.46667	-57.92667	Collinder 220    	   9.5
156.62917	-60.67667	NGC 3255         	   2.0
156.87083	-57.61667	IC 2581          	   5.0
156.87083	+66.79833	NGC 3231         	   7.0
157.10833	-58.18333	Ruprecht 89      	   4.0
157.11250	-60.66667	Loden 172        	  14.0
157.22500	-58.78333	Loden 143        	  41.0
157.27083	-60.75000	Hogg 7           	   4.0
157.29167	-60.98333	Hogg 8           	   3.0
157.30000	-56.78333	Loden 89         	  35.0
157.57500	-54.13333	Loden 59         	   2.0
157.72083	-53.86667	ESO 168 04       	   3.0
157.75000	-58.45000	Ruprecht 90      	   5.0
158.06667	-60.02000	Collinder 223    	  18.0
158.10000	-56.70000	Loden 112        	   7.0
158.27917	-58.48000	ASCC 60          	  14.4
158.67500	-58.13333	Loden 153        	   2.0
158.94167	-60.11667	Bochum 9         	  15.0
158.96250	-58.23000	NGC 3293         	   6.0
158.98333	-58.73667	Loden 165        	  11.0
159.05833	-61.85000	Loden 213        	  17.0
159.25000	-58.73333	Carraro 1        	   4.0
159.33333	-58.64167	NGC 3324         	  12.0
159.47500	-59.18333	BH 99            	  20.0
159.69167	-54.12333	NGC 3330         	   4.0
159.72917	-69.03333	ESO 062 11       	   6.0
159.99583	-59.18917	DC 5             	   2.8
160.35417	-55.30556	Saurer 3         	   4.0
160.55000	-65.10000	Melotte 101      	  15.0
160.55000	-59.13333	Bochum 10        	  20.0
160.74167	-64.40000	IC 2602          	 100.0
160.78333	-61.16667	Alessi 5         	  33.0
160.98333	-59.55000	Trumpler 14      	   8.4
161.00000	-60.08667	Collinder 228    	  14.0
161.16250	-59.56000	Collinder 232    	   4.0
161.17917	-59.36667	Trumpler 15      	  14.0
161.29167	-59.71667	Trumpler 16      	  12.0
161.53333	-56.86000	ASCC 61          	  38.4
161.81250	-60.08333	Bochum 11        	  21.0
161.90833	-57.46722	Ruprecht 91      	  17.0
162.50000	-56.40000	Loden 189        	  22.0
162.72083	-60.10000	ASCC 62          	  33.6
163.05000	-45.14833	NGC 3446         	  15.0
163.17500	-54.23333	BH 106           	   3.0
163.20833	-59.46083	Teutsch 31       	   1.8
163.22500	-62.31667	Ruprecht 162     	   5.0
163.42083	-58.24000	ESO 128 16       	  10.0
163.44583	-61.75000	Ruprecht 92      	   7.0
163.55833	-61.73778	Kronberger 39    	   0.8
163.96667	-60.41000	ASCC 63          	  18.0
164.10000	-59.20000	Trumpler 17      	   5.0
164.13333	-63.01778	Graham 1         	   2.0
164.21250	-61.11667	Collinder 236    	  10.0
164.35000	-61.71667	Bochum 12        	  10.0
164.59167	-59.05000	Hogg 9           	   1.0
164.67917	-61.18750	Majaess 133      	   4.0
164.75417	-59.49944	Turner 6         	   1.3
164.85417	-59.54694	Teutsch 106      	   3.2
164.89583	-59.00056	Majaess 135      	   4.0
164.90000	-60.33667	NGC 3496         	   8.0
165.24167	-45.35000	ESO 265 01       	   4.0
165.26667	-60.23333	Sher 1           	   1.0
165.27500	-59.81667	Pismis 17        	   6.0
165.76667	-60.92000	ASCC 64          	  21.6
166.21250	-67.95000	Ruprecht 163     	   2.0
166.41250	-58.75333	NGC 3532         	  50.0
166.48333	-59.81667	Feinstein 1      	  25.0
166.53333	-61.10000	Loden 306        	  26.0
166.82500	-61.45000	BH 110           	   2.0
167.02917	-26.73000	ESO 502 19       	   3.0
167.17083	-60.71333	Teutsch 143a     	   1.0
167.28333	-63.83333	BH 111           	   2.0
167.42500	-59.10000	Loden 280        	   4.0
167.59583	-60.24833	NGC 3572         	   5.0
167.64167	-59.03333	Basel 17         	  10.0
167.67500	-60.40000	Hogg 10          	   3.0
167.67917	-60.38333	Loden 309        	   1.5
167.77500	-61.12000	ASCC 65          	  26.4
167.86667	-60.66667	Trumpler 18      	   5.0
167.90417	-60.40000	Hogg 11          	   2.0
167.91667	-60.30972	Collinder 240    	  32.0
168.02917	-21.35000	ESO 570 12       	   8.0
168.24583	-60.78833	NGC 3590         	   3.0
168.25417	-60.78333	Hogg 12          	   4.0
168.27083	-58.88333	Stock 13         	   5.0
168.40417	-55.42000	ASCC 66          	  36.0
168.58333	-57.55111	Trumpler 19      	  14.0
168.77917	-61.26000	NGC 3603         	   4.0
169.07500	-60.26667	Hogg 13          	   3.0
169.36250	-62.73333	IC 2714          	  14.0
169.92083	-65.22000	ESO 093 08       	   1.0
169.92500	-63.48333	Melotte 105      	   5.0
170.00000	-58.83333	Loden 336        	   2.0
170.29583	-58.23167	ESO 129 19       	   5.0
170.68750	-62.31833	FSR 1586         	   5.0
170.76250	-58.55000	BH 118           	   2.0
171.40833	-43.24333	NGC 3680         	   5.0
172.65417	-63.43333	Ruprecht 94      	  20.0
172.71250	-60.73333	Ruprecht 164     	   5.0
172.72917	-58.48333	Loden 372        	   6.0
173.21667	-60.71667	Loden 402        	  10.0
174.05833	-61.60833	NGC 3766         	   9.3
174.58333	-63.37278	IC 2944          	  65.0
175.37917	-61.02000	ASCC 67          	  24.0
175.39167	-62.41806	Bica 5           	   3.0
175.60000	-62.48333	Lynga 15         	   8.0
175.90833	-61.13333	Ruprecht 95      	   4.0
175.92500	-62.51667	Loden 466        	   3.5
175.95000	-62.51667	Stock 14         	   6.0
176.03750	-61.08167	ESO 129 32       	   4.0
176.37500	-62.43333	Loden 467        	   4.5
176.77083	-62.63694	FSR 1595         	   2.4
177.32500	-62.22972	SAI 116          	   5.0
177.45417	-48.25167	NGC 3909         	  16.0
177.53333	-48.23333	ESO 217 08       	   2.0
177.63750	-55.67333	NGC 3960         	   5.0
177.65417	-62.13333	Ruprecht 96      	   5.0
177.94583	-61.28333	Loden 481        	  26.0
178.31250	-62.60944	Teutsch 77       	   7.0
179.00000	-58.43333	Loden 480        	   2.5
179.36667	-62.71667	Ruprecht 97      	   5.0
179.66667	-64.58333	Ruprecht 98      	  14.0
179.96250	-78.20750	Feigelson 1      	  18.0
180.25833	-63.22500	NGC 4052         	   9.0
180.42083	-64.10000	Juchert 13       	   4.0
180.72917	-60.92500	Alessi Teutsch 8 	  24.0
180.76667	-63.85000	Ruprecht 99      	   5.0
181.47083	-62.61667	Ruprecht 100     	   6.0
181.65000	-69.77000	ASCC 69          	  48.0
181.66667	-61.25000	NGC 4103         	   6.0
181.94167	-59.30000	ESO 130 06       	  10.0
181.96667	-65.19389	FSR 1605         	   2.8
182.07917	-60.65000	Loden 565        	  16.0
182.40833	-62.98333	Ruprecht 101     	  14.0
182.62500	-59.48333	Stock 15         	  12.0
183.25833	-62.70639	Alessi 52        	   2.2
183.38750	-62.71667	Ruprecht 102     	   2.0
183.51250	-63.59333	Saurer 4         	   1.8
183.75000	-64.43000	ASCC 70          	  36.0
184.33333	-55.10167	NGC 4230         	  10.0
185.16250	-64.78333	Loden 615        	   2.5
185.17500	-67.52000	ASCC 71          	  49.2
185.82500	-59.66000	ESO 130 13       	  10.0
186.01667	-58.12333	NGC 4337         	   4.0
186.03333	-61.87167	NGC 4349         	   5.0
186.13750	-68.46667	ESO 064 05       	  10.0
186.19167	-60.88667	Collinder 257    	   5.0
186.22083	-60.43333	Ruprecht 104     	   4.0
186.27500	+26.10000	Melotte 111      	 120.0
186.55833	-63.41389	BH 131           	   5.0
186.59167	-61.71667	Loden 624        	  38.0
186.75000	-64.06667	BH 132           	   4.0
186.81667	-60.77889	Harvard 5        	   5.0
187.11250	-60.10500	NGC 4439         	   4.0
187.13333	-60.89528	Hogg 23          	   7.0
187.14583	-56.43333	Ruprecht 165     	  20.0
187.15000	-59.81667	Hogg 14          	   3.0
187.18333	-66.58111	FSR 1617         	   4.3
187.40833	-57.87667	ESO 131 09       	   5.0
187.48333	-64.79000	NGC 4463         	   3.5
188.25000	-60.95000	ASCC 72          	  30.0
188.55833	-61.56667	Ruprecht 105     	  12.0
189.15000	-67.29000	ASCC 73          	  48.0
189.48750	-68.36667	Collinder 261    	   9.0
189.87917	-60.63333	Trumpler 20      	  16.0
190.57500	-62.99500	NGC 4609         	  13.0
190.90417	-63.10000	Hogg 15          	   7.0
191.82083	-60.65000	Loden 682        	  26.0
192.90417	-69.73000	ESO 065 03       	   6.0
193.25417	-60.76667	Loden 694        	  23.0
193.27500	-67.16667	BH 140           	   5.0
193.41250	-60.36167	NGC 4755         	  10.0
194.49583	-64.96000	NGC 4815         	   5.0
195.03750	-59.61333	NGC 4852         	  10.0
197.70833	+30.47667	Latham 1         	  60.0
198.10000	-65.30000	Loden 757        	  18.0
198.11250	-62.69389	Danks 1          	   1.5
198.22917	-62.68111	Danks 2          	   1.5
198.54167	-63.39000	NGC 5045         	  45.2
198.77500	-65.91667	BH 144           	   1.5
199.03750	-60.07333	NGC 5043         	  14.0
199.55417	-67.08333	Collinder 268    	   5.0
199.87083	-62.63333	Stock 16         	   3.0
199.94167	-64.95000	Ruprecht 107     	   3.0
200.29167	-61.94611	FSR 1645         	  10.6
200.87917	-66.18333	Collinder 269    	  15.0
200.91250	-63.67333	Teutsch 79       	   4.4
200.92917	-41.88667	ESO 324 15       	   4.0
201.08750	-59.73333	Loden 821        	  19.0
201.16667	-62.48333	Loden 807        	  20.0
201.35833	-58.97222	FSR 1651         	   1.6
201.41250	-63.46667	Ruprecht 166     	   3.0
201.81667	-59.03333	NGC 5138         	   7.0
201.93333	-62.31278	Basel 18         	   6.0
202.32083	-71.26833	ESO 065 07       	   4.0
202.32500	-61.20000	Hogg 16          	   6.0
202.47500	-64.20000	Collinder 271    	   5.0
202.50417	-58.74250	FSR 1657         	   1.4
202.60833	-61.31667	Collinder 272    	  10.0
202.77500	-60.94000	NGC 5168         	   4.0
202.87500	-35.06556	ESO 383 10       	   6.0
203.04583	-58.46667	Ruprecht 108     	  10.0
203.05833	-62.80000	Trumpler 21      	   5.0
203.52500	-64.51667	Loden 848        	  11.0
203.52500	-59.25000	Loden 915        	  32.0
203.55000	-62.41722	C1331 622        	   7.0
203.66250	-60.20000	Collinder 275    	  11.0
203.95417	-58.81000	ASCC 74          	  24.0
204.12500	-62.21361	ESO 132 14       	   3.0
204.22917	-62.09333	Pismis 18        	   4.0
204.92083	-64.33333	Loden 894        	   9.0
205.04583	-61.73111	BH 151           	   1.0
205.76667	-63.16472	SAI 118          	   8.0
205.85417	-63.01333	Dias 4           	   6.4
205.86667	-59.12167	Platais 10       	 324.0
206.18333	-62.91500	NGC 5269         	   3.0
206.20000	-60.28333	Loden 1010       	  31.0
206.35000	-62.01667	Loden 991        	   5.0
206.64583	-62.91667	NGC 5281         	   7.0
206.79167	-62.42000	ASCC 75          	  20.4
206.98750	-66.02000	Platais 11       	 180.0
207.10000	-66.06667	Collinder 277    	  15.0
207.18333	-64.68500	NGC 5288         	   3.0
207.93333	-63.45333	Platais 12       	 120.0
207.98333	-64.87500	Loden 995        	  26.5
208.06667	-66.40000	ASCC 76          	  42.0
208.37500	-59.75000	Loden 1095       	  13.0
208.48750	-61.86833	NGC 5316         	  14.0
208.57500	-65.31667	Loden 1002       	   8.0
208.66250	-31.95833	ESO 445 74       	   2.5
209.57500	-61.78333	Loden 1101       	  10.0
209.82500	-57.85000	Loden 1177       	  13.0
209.85000	-58.38333	Loden 1171       	  11.0
209.87500	-59.35000	Loden 1152       	  11.0
210.00833	-62.15000	Lynga 1          	   3.0
210.03750	-70.39167	NGC 5359         	  16.0
210.17083	-59.58667	NGC 5381         	  11.0
211.10000	-58.70000	Loden 1202       	   7.0
211.35833	-67.46667	Ruprecht 110     	  18.0
211.42500	-59.70000	Loden 1194       	  14.0
211.86250	-48.34333	NGC 5460         	  35.0
212.26250	-59.71667	Loden 1225       	   4.0
212.70000	-62.33000	ASCC 77          	  38.4
213.52500	-57.86667	Loden 1289       	   4.5
213.87083	-64.61167	ESO 097 15       	  12.0
213.96667	-78.50333	ESO 021 06       	   9.0
213.97500	-59.13333	Loden 1282       	   3.5
214.54583	-58.96667	Ruprecht 167     	  14.0
214.55000	-61.43333	Loden 1256       	  10.0
214.63333	-56.91833	ESO 175 06       	  18.0
216.14583	-61.33056	Lynga 2          	  13.0
216.41250	-54.79833	NGC 5593         	  10.0
216.94583	-59.63167	NGC 5606         	   3.0
217.43333	-60.71167	NGC 5617         	  10.0
217.59583	-58.21667	Loden 1378       	  31.0
217.66667	-60.88333	Pismis 19        	   3.0
217.75833	-61.16667	Trumpler 22      	  10.0
218.13750	-56.88667	Turner 7         	  13.0
218.37083	-62.01667	Loden 1339       	   4.0
218.49167	-61.36667	Hogg 17          	   4.0
218.65417	-56.13278	FSR 1688         	   3.1
218.90417	-56.61833	NGC 5662         	  29.0
218.97500	-59.96667	Ruprecht 111     	   7.0
219.36250	-29.41167	ESO 447 29       	  12.0
220.07917	-60.38111	Juchert 10       	   3.0
220.27500	+69.56667	Collinder 285    	1400.0
220.45000	-62.86667	Loden 1373       	  18.0
220.87500	-57.57694	NGC 5715         	   6.0
221.07500	-63.41667	Loden 1375       	  12.0
221.19167	-59.16500	ESO 134 12       	   4.0
221.23333	-61.71667	Loden 1409       	  31.0
222.05833	-66.33667	BH 164           	  60.0
222.22083	-54.49833	NGC 5749         	  10.0
222.67917	-52.26667	Hogg 18          	   5.0
223.35833	-60.48250	Teutsch 80       	   3.4
223.38333	-52.67000	NGC 5764         	   3.0
223.80000	-83.42333	ESO 008 06       	  10.0
224.20833	-62.55000	Ruprecht 112     	  10.0
225.44583	-51.91833	NGC 5800         	  11.0
225.85833	-63.38750	Majaess 160      	   6.0
226.08750	-54.39667	NGC 5822         	  35.0
226.27500	-68.39000	ASCC 78          	  19.2
226.37500	-55.60333	NGC 5823         	  12.0
226.67500	-56.53278	FSR 1697         	   1.0
226.92500	-54.50000	Loden 2115       	  20.0
227.60000	-58.78333	Loden 2045       	  20.0
228.84583	-59.06667	Pismis 20        	   4.0
229.20417	-59.66667	Pismis 21        	   4.0
229.20417	-58.36667	Lynga 3          	   5.0
229.80000	-60.73000	ASCC 79          	  62.4
230.24167	-59.62778	FSR 1698         	   4.0
231.15000	-60.14000	ASCC 80          	  30.0
231.85833	-54.52833	NGC 5925         	  11.0
231.88333	-41.05333	ESO 329 02       	   8.0
232.38750	-51.23333	Alessi 8         	  24.0
232.45000	-64.86333	ESO 099 06       	   8.0
233.32917	-55.23639	Lynga 4          	   6.0
233.41250	-58.15000	Loden 2159       	  29.0
233.44167	-53.66667	Harvard 9        	   6.0
233.75000	-58.26667	Loden 2158       	  32.0
235.20417	-52.43333	Loden 2313       	  21.0
235.47500	-56.65000	Lynga 5          	  10.0
235.88750	-52.47500	Loden 2326       	   1.6
236.58333	-52.38167	Johansson 1      	  29.0
236.72917	-50.98000	ASCC 81          	  31.2
236.85000	-64.41000	ASCC 82          	  36.0
237.17500	-50.21833	FSR 1715         	   3.6
237.37500	-50.61306	FSR 1714         	   7.2
237.39167	-28.58833	NGC 5998         	  11.0
237.53333	-57.61667	Collinder 292    	  14.0
237.55417	-52.80000	ASCC 83          	  25.2
238.03333	-56.47333	NGC 5999         	   3.0
238.33750	-55.24778	Majaess 166      	   4.0
238.72500	-60.74000	ASCC 84          	  30.0
238.76667	-46.01500	ESO 275 01       	   6.0
238.95000	-57.43667	NGC 6005         	   5.0
239.26250	-59.46667	Ruprecht 113     	  25.0
239.45833	-36.20500	ESO 389 05       	   1.8
240.20417	-53.53611	Trumpler 23      	   5.0
240.21667	-51.71111	Majaess 170      	   5.0
240.37500	-54.11667	Moffat 1         	   7.0
240.82083	-60.43167	NGC 6025         	  14.0
241.21667	-51.93333	Lynga 6          	   5.0
241.58333	-56.86667	Ruprecht 114     	  14.0
241.89583	-54.01500	NGC 6031         	   3.0
243.21667	-52.40000	Ruprecht 115     	   5.0
243.29583	-54.21833	NGC 6067         	  14.0
243.53750	-51.86667	Pismis 22        	   4.0
243.70000	-51.33333	Ruprecht 176     	   3.0
244.70000	-54.93333	Harvard 10       	  25.0
244.70833	-57.93500	NGC 6087         	  14.0
245.01667	-50.23306	Lynga 8          	   3.0
245.17083	-48.52889	Lynga 9          	   6.0
245.83333	-52.00000	Ruprecht 116     	   5.0
245.88333	-51.88333	Ruprecht 117     	  10.0
245.99167	-48.89250	Pismis 23        	   1.0
246.05833	-51.15167	ESO 226 06       	   4.0
246.11250	-61.74167	ESO 137 23       	   5.0
246.15000	-51.96667	Ruprecht 118     	   3.0
246.33333	-40.65333	NGC 6124         	  39.0
246.53333	-26.25000	Collinder 302    	 500.0
246.85000	+38.06667	Dol Dzim 5       	  15.0
246.94167	-49.15167	NGC 6134         	   6.0
247.06250	-51.50000	Ruprecht 119     	   8.0
247.23750	-49.10000	Hogg 19          	   4.0
247.40000	-47.31056	Patchick 94      	   1.3
248.18750	-52.64333	NGC 6152         	  25.0
248.51667	-44.04500	NGC 6169         	  12.0
248.64167	-49.77167	NGC 6167         	   7.0
248.79167	-48.28333	Ruprecht 120     	   3.0
248.83333	-51.00000	Collinder 307    	   5.0
248.94583	-45.64333	NGC 6178         	   5.0
249.12500	 -8.95000	Dolidze 27       	  25.0
249.53750	-46.31667	Lynga 11         	   9.0
250.09583	-43.36667	NGC 6192         	   9.0
250.10417	-43.74167	ESO 277 04       	   1.5
250.33333	-48.76333	NGC 6193         	  14.0
250.42500	-46.15000	Ruprecht 121     	   8.0
251.02917	-47.46333	NGC 6200         	  14.0
251.12500	-47.63333	Hogg 20          	   4.0
251.35000	+38.35000	Dol Dzim 6       	   4.0
251.40417	-47.73333	Hogg 21          	   4.0
251.51667	-50.76389	Lynga 12         	   8.0
251.53750	-47.01667	NGC 6204         	   5.0
251.62500	-45.86000	BH 197           	   4.0
251.65417	-47.08333	Hogg 22          	   3.0
251.76667	-45.84333	Westerlund 1     	   2.4
251.76667	-25.81167	ESO 518 03       	   5.0
251.87917	-45.46000	ASCC 85          	  26.4
252.10417	-61.76000	ESO 137 43       	   6.0
252.22083	-43.43333	Lynga 13         	   9.0
252.35000	-44.72833	NGC 6216         	   4.0
252.36667	-53.72833	NGC 6208         	  18.0
252.48333	-44.18333	BH 200           	   5.0
253.54167	-41.82500	NGC 6231         	  14.0
253.67917	-40.70833	ESO 332 08       	  10.0
253.76667	-45.23333	Lynga 14         	   3.0
253.77083	-49.32583	FSR 1732         	   1.8
253.78333	-40.95000	BH 202           	   5.0
253.87500	-40.83333	Collinder 316    	 100.0
253.88750	-39.46167	NGC 6242         	   9.0
254.00417	-40.78000	ESO 332 11       	   3.0
254.04583	-40.66667	BH 205           	   4.0
254.16667	-40.58333	ESO 332 13       	   4.0
254.25000	-40.66667	Trumpler 24      	  60.0
254.42083	-44.81167	NGC 6249         	   5.0
254.48333	-45.93667	NGC 6250         	  10.0
254.77083	-52.70833	NGC 6253         	   4.0
254.90000	-37.08333	BH 208           	   2.0
255.18750	-44.65500	NGC 6259         	  14.0
255.44583	-58.95833	Alessi Teutsch 12	  66.0
255.54167	-39.72833	NGC 6268         	   6.0
255.54583	-41.10000	BH 211           	   4.0
255.75000	-28.45000	ASCC 87          	  66.0
255.96250	-48.08333	Harvard 13       	   5.0
256.08333	-42.07333	Teutsch 84       	   4.0
256.09167	-19.45500	ESO 587 04       	   2.0
256.12500	-74.35833	ESO 043 13       	  15.0
256.17083	-37.98500	NGC 6281         	   8.0
256.22917	-38.32000	ESO 332 20       	   7.0
256.42500	-36.66667	BH 214           	   5.0
256.55833	-46.12167	ESO 278 02       	   2.0
256.69583	-35.60000	ASCC 88          	  66.0
256.87083	-40.81333	ESO 332 22       	   7.0
257.65000	+15.53333	Dol Dzim 7       	   3.0
258.08333	-38.46222	FSR 1755         	   6.3
258.30833	-39.70639	Teutsch 85       	   4.0
258.61667	-39.76667	Moffat 2         	   2.0
259.04583	-39.42500	NGC 6318         	   4.0
259.07500	-40.81667	BH 217           	   5.0
259.35000	-35.55000	Bochum 13        	  14.0
259.60417	-42.93333	NGC 6322         	   5.0
259.66250	-32.31667	BH 221           	  10.0
259.69583	-38.28333	BH 222           	   2.0
259.72500	-38.81667	Havlen Moffat 1  	   5.0
260.17083	-35.88333	BH 223           	   6.0
260.20417	-36.10333	NGC 6334         	  31.0
260.85833	-37.90000	Ruprecht 123     	  12.0
261.00417	-62.86333	Alessi 24        	 132.0
261.12083	-39.01667	Trumpler 25      	   8.0
261.17917	-34.20167	NGC 6357         	   5.0
261.17917	-34.20639	Pismis 24        	   2.0
261.20417	-49.93333	IC 4651          	  10.0
261.38333	-34.40556	AH03 J1725 34.4  	   2.6
261.71667	-34.68667	ESO 392 13       	  10.0
262.13333	-29.49722	Trumpler 26      	   5.0
262.22500	-31.55000	Antalova 1       	  35.0
262.40833	-40.46667	Ruprecht 125     	  20.0
262.42500	-32.48333	Antalova 2       	   3.0
262.64167	-32.20833	Antalova 3       	  21.0
262.80000	-36.80000	Harvard 16       	  14.0
262.83750	-39.85250	FSR 1758         	   2.2
262.87917	-34.01667	Collinder 333    	   7.0
262.98333	-31.91000	BH 231           	   2.0
263.16250	-32.95667	Antalova 4       	   3.5
263.34167	-29.17833	IRAS 17301 2917  	
263.70000	-32.56667	NGC 6383         	  20.0
263.75417	-34.26667	Ruprecht 126     	   5.0
263.92917	-36.35778	FSR 1767         	   1.0
264.04167	-32.40167	Dutra Bica 50    	   2.2
264.08333	-33.51667	Trumpler 27      	   6.0
264.23750	-42.22667	ESO 334 02       	   2.0
264.25000	-32.48333	Trumpler 28      	   5.0
264.40000	-35.02667	NGC 6396         	   3.0
264.42083	-25.25000	Dutra Bica 59    	   1.9
264.42083	-58.13000	ESO 139 13       	   5.0
264.46250	-36.30000	Ruprecht 127     	   5.0
264.50000	 -8.11167	Mamajek 2        	  10.0
264.58750	-37.71667	Collinder 338    	  20.0
264.66667	-35.65167	ESO 393 12       	   2.0
264.77917	-34.80000	ASCC 90          	  43.2
264.82083	-31.14611	Majaess 184      	   5.0
264.83333	-23.68333	Dutra Bica 60    	   1.0
264.90417	-33.24667	NGC 6404         	   5.0
265.05000	-36.94833	NGC 6400         	  12.0
265.08333	-32.25333	NGC 6405         	  20.0
265.37917	-40.15000	Trumpler 29      	  12.0
265.70000	-28.10833	Dutra Bica 18    	   1.6
265.87500	-46.96667	Alessi 9         	 150.0
265.88750	-34.21833	ESO 393 15       	   5.0
266.07500	-34.88333	Ruprecht 128     	   5.0
266.07917	-32.36167	NGC 6416         	  14.0
266.14583	-33.86667	Collinder 345    	   5.0
266.25000	-28.86000	Dutra Bica 58    	   0.9
266.56667	-29.70000	BH 245           	   1.0
266.57500	-29.33333	Collinder 347    	  10.0
266.57500	 +5.71667	IC 4665          	  70.0
266.75417	-31.53000	NGC 6425         	  10.0
266.77917	-28.76833	Dutra Bica 5     	   0.4
266.79167	-28.77333	Dutra Bica 6     	   0.7
266.82500	-24.88667	Dutra Bica 45    	   1.5
266.88333	-30.10000	Ruprecht 130     	   3.0
267.02500	 +1.30000	Collinder 350    	  39.0
267.22500	-37.36000	ASCC 91          	  36.0
267.25000	-28.73583	Collinder 351    	   8.4
267.31667	-29.25000	Ruprecht 131     	   7.0
267.37083	-31.26333	Dutra Bica 51    	   2.2
267.39583	-34.82000	NGC 6444         	   3.0
267.52500	-28.88667	Dutra Bica 7     	   0.8
267.56667	-28.86167	Dutra Bica 12    	   0.8
267.57500	-28.89500	Dutra Bica 10    	   0.6
267.60000	-28.88500	Dutra Bica 11    	   1.0
267.67083	-30.21000	NGC 6451         	   7.0
267.67500	-12.00167	Alessi 31        	  36.0
267.70833	-27.78500	Dutra Bica 31    	   0.8
268.11250	-30.10000	Basel 5          	   5.0
268.12083	-28.66667	Ruprecht 133     	   5.0
268.17917	-29.55000	Ruprecht 134     	   5.0
268.19167	-28.43333	Ruprecht 168     	   4.0
268.20000	 +4.16667	NGC 6481         	   3.0
268.25833	-29.89333	ESO 456 05       	   0.8
268.30000	-22.27500	NGC 6469         	   7.0
268.31667	-26.78167	Dutra Bica 40    	   0.6
268.32083	-27.36944	Czernik 37       	   5.0
268.37083	-28.34833	Dutra Bica 28    	   1.6
268.46250	-34.79333	NGC 6475         	  80.0
268.46667	-32.48333	ESO 456 09       	   6.0
269.11667	-23.19278	FSR 0022         	   4.6
269.19167	-35.26667	Trumpler 30      	   7.0
269.26667	-18.98500	NGC 6494         	  29.0
269.39583	-22.87556	FSR 0023         	   0.7
269.55000	-11.65000	Ruprecht 135     	   6.0
269.64167	-26.11500	Dutra Bica 49    	   0.9
269.64583	-32.02000	ESO 456 29       	   0.8
269.66250	 -5.07167	Pfleiderer 2     	   2.0
269.72917	-29.39500	Dutra Bica 25    	   0.7
269.82500	-24.70000	Ruprecht 136     	   3.0
269.84167	-24.76694	Ruprecht 169     	   5.2
269.89583	-28.55500	Dutra Bica 32    	   0.9
269.89583	-51.68500	ESO 229 02       	   3.0
269.95417	-28.16667	Trumpler 31      	   5.0
269.95833	-17.45056	NGC 6507         	  13.2
269.98333	-24.68250	Ruprecht 138     	   6.0
270.06667	-25.22750	Ruprecht 137     	   5.6
270.26250	-23.53333	Ruprecht 139     	  12.0
270.27500	 +2.90000	Collinder 359    	 240.0
270.50000	-23.68333	Bochum 14        	   2.0
270.52500	+11.02333	NGC 6525         	  13.0
270.55833	-21.91500	ESO 589 26       	   2.5
270.67500	-22.97167	NGC 6514         	  28.0
270.85000	-27.88833	NGC 6520         	   2.0
270.87083	-22.13056	Teutsch 14a      	   7.0
271.05417	-22.49000	NGC 6531         	  14.0
271.06667	-20.19083	FSR 0035         	   1.9
271.12917	-24.35833	NGC 6530         	  14.0
271.17083	-58.52333	ESO 139 54       	   6.0
271.37083	-36.29667	NGC 6529         	  16.0
271.62083	-21.37583	FSR 0031         	   9.6
271.64583	-27.46000	Collinder 468    	   0.9
271.77083	-19.91583	FSR 0039         	   1.6
271.84167	-23.29667	NGC 6546         	  14.0
272.05417	-22.26000	ASCC 93          	  32.4
272.08333	-22.07556	Majaess 190      	   4.0
272.15000	-21.41667	vdBergh 113      	  14.0
272.20000	+31.53333	Dol Dzim 9       	  12.0
272.24583	-18.43500	NGC 6554         	  20.0
272.35417	-24.53000	ESO 521 38       	   3.0
272.46250	-23.82833	Collinder 367    	  40.0
272.62500	-16.72500	NGC 6561         	  15.0
273.12083	-29.57667	ESO 456 72       	   1.4
273.18333	-21.60500	NGC 6568         	  12.0
273.22083	-24.36389	ESO 522 05       	   4.4
273.26667	-13.33083	FSR 0051         	   3.6
273.42083	-22.11833	NGC 6573         	   1.8
273.58333	-17.32194	FSR 0046         	   6.3
273.82083	-19.00000	Markarian 38     	   2.0
273.90000	-14.99000	ASCC 94          	  30.0
273.95417	-22.13667	NGC 6583         	   5.0
274.02083	-25.71000	ASCC 95          	  38.4
274.02917	-41.06333	ESO 335 05       	   7.0
274.14167	-18.31167	Collinder 469    	   3.0
274.26667	-19.86500	NGC 6595         	   4.0
274.28333	-18.70000	Turner 4         	   3.5
274.29583	-18.82417	Turner 2         	   7.6
274.37500	-13.35000	Trumpler 32      	   5.0
274.38750	-16.65000	NGC 6596         	  10.0
274.39167	-18.86389	Turner 3         	   2.0
274.41667	-19.67000	Dias 5           	   3.0
274.51250	-12.24167	NGC 6604         	   5.0
274.60833	-18.40667	NGC 6603         	   6.0
274.61667	+12.16667	Alessi 19        	  88.0
274.70000	-13.80667	NGC 6611         	   6.0
274.77083	-27.13000	ESO 522 16       	   1.6
274.99167	-17.10167	NGC 6613         	   5.0
275.05417	-32.35167	Ferrero 1        	  30.0
275.13750	-63.80833	NGC 6588         	   5.0
275.19583	-16.17167	NGC 6618         	  25.0
275.32917	-14.29000	Kronberger 2     	   2.5
275.46250	-33.21667	Ruprecht 140     	   6.0
275.57083	-14.59000	Kharchenko 2     	   2.8
275.66667	-14.72806	Kronberger 25    	   0.8
275.69583	-14.63333	Kharchenko 3     	   8.0
275.70833	-11.96167	NGC 6625         	  15.4
275.97500	-16.65000	Dolidze 52       	   6.0
276.17500	-19.71667	Trumpler 33      	   5.0
276.30000	-10.00000	Ruprecht 170     	   8.0
276.37083	-14.65583	Dolidze 28       	  11.6
276.50000	-51.00000	Mamajek 4        	  84.0
276.51667	-13.05889	Bica 3           	   3.5
276.79583	-12.03000	NGC 6631         	   6.0
276.81250	 +6.50833	NGC 6633         	  20.0
277.26667	-11.97528	FSR 0059         	   5.4
277.60000	-15.06306	FSR 0054         	   1.0
277.62500	-12.31639	Dias 6           	   6.0
277.74583	-13.15500	NGC 6639         	   5.0
277.82500	-12.31667	Ruprecht 141     	  16.0
277.94583	-19.11667	IC 4725          	  29.0
278.01250	-15.68833	FSR 0052         	   2.6
278.04583	-12.22972	Ruprecht 142     	   6.6
278.04583	-16.04972	Ruprecht 171     	  11.4
278.15000	-12.13333	Ruprecht 143     	   5.0
278.15417	-16.88556	NGC 6645         	  14.8
278.36250	-10.40333	NGC 6649         	   5.0
278.39167	-11.41667	Ruprecht 144     	  12.0
279.14583	-19.46500	Alessi 40        	  51.6
279.15417	 -7.81333	NGC 6664         	  12.0
279.75000	 +5.45000	IC 4756          	  39.0
279.92083	 -6.02806	Stephenson 2     	   4.5
279.95000	 -8.41667	Trumpler 34      	   5.0
279.99583	-44.19833	ESO 281 24       	   6.0
280.27083	 -4.08083	Dolidze 32       	   9.8
280.32500	 -4.36028	Dolidze 33       	   9.0
280.47500	 -4.27694	Dolidze 34       	   4.0
280.55417	 -6.21167	NGC 6683         	   3.0
280.62083	 -5.25333	Teutsch 145      	   1.9
280.65000	-33.63000	ASCC 98          	  78.0
280.72500	 -4.13333	Trumpler 35      	   5.0
281.07917	 -4.93000	Andrews Lindsay 5	   2.3
281.30000	 -1.21667	Berkeley 79      	   6.0
281.32500	 -9.38333	NGC 6694         	   7.0
281.50000	 -3.62083	FSR 0087         	   4.6
281.87917	 +0.61417	FSR 0098         	   1.8
282.01667	-25.87833	NGC 6698         	  11.0
282.05000	 -5.85000	Basel 1          	   5.0
282.16250	 -3.50944	FSR 0089         	   5.0
282.27083	-18.73000	ASCC 99          	  27.6
282.30833	 +2.76833	FSR 0101         	   2.8
282.42500	 +4.93333	Czernik 38       	   5.0
282.45833	 -1.04861	FSR 0094         	   0.8
282.58333	 -3.57833	FSR 0090         	   2.6
282.65000	-18.25000	Ruprecht 145     	  35.0
282.68750	 -5.20500	NGC 6704         	   5.0
282.77083	 -6.27000	NGC 6705         	  32.0
282.82500	+10.31833	NGC 6709         	  14.0
282.89167	 +0.18611	Teutsch 146      	   1.6
283.06667	-20.20333	Collinder 394    	  22.0
283.37500	+36.91667	Stephenson 1     	  20.0
283.59167	 -1.21667	Berkeley 80      	   4.0
283.64167	-19.90167	NGC 6716         	  10.0
283.70417	 +5.54833	Archinal 1       	   2.0
283.76250	+10.78917	Poole J1855+10.8 	   6.0
283.95417	+21.58028	Alessi 62        	  23.0
283.97083	+10.77139	Poole J1856+10.8 	   3.5
284.15417	-26.96083	ESO 524 01       	   6.0
284.18750	+10.44639	NGC 6724         	   6.0
284.68333	 -8.97000	NGC 6728         	  15.6
285.15417	 -0.47500	NGC 6735         	  12.0
285.33333	+29.27667	NGC 6743         	   7.0
285.33750	+11.61500	NGC 6738         	  15.0
285.40417	+33.57000	ASCC 100         	  37.2
285.41667	 -0.45611	Berkeley 81      	   5.0
285.58333	-18.54972	NGC 6737         	   8.8
285.97500	 -0.02611	FSR 0100         	   2.1
286.03750	-33.38500	ESO 397 01       	   6.0
286.71667	 +9.58333	Alessi 56        	   2.2
286.88750	 +6.28611	Juchert 3        	   3.0
286.93333	 +4.33333	Czernik 39       	   2.5
286.95417	 +4.26667	NGC 6755         	  14.0
287.17500	 +4.70500	NGC 6756         	   4.0
287.25833	 +1.53611	FSR 0107         	   7.2
287.78750	+14.83444	Riddle 15        	   0.8
287.83333	+13.11833	Berkeley 82      	   2.0
287.92500	+12.05139	FSR 0124         	   3.2
287.92500	+12.05139	FSR 0123         	   1.8
288.40417	+36.33000	ASCC 101         	  43.2
288.46667	-42.64833	ESO 282 26       	  15.0
288.76250	 +4.88167	NGC 6773         	   8.6
288.90000	+11.21667	Berkeley 43      	   5.0
289.17500	-16.28333	Ruprecht 147     	  25.0
289.20000	 -0.92333	NGC 6775         	   2.4
289.21667	-51.49167	ESO 231 30       	  20.0
289.30000	+19.55000	Berkeley 44      	  10.0
289.51250	-57.90333	ESO 141 47       	   7.0
289.80000	+15.71667	Berkeley 45      	   2.0
289.80417	-37.62167	ESO 337 23       	   5.0
290.22083	+37.77167	NGC 6791         	  10.0
290.22500	+15.67667	Alessi 57        	   2.5
290.28750	+13.77500	FSR 0126         	   6.2
290.63333	+12.66667	Juchert 1        	   3.2
290.80833	+22.14167	NGC 6793         	   6.0
291.12500	+16.89250	FSR 0134         	   3.3
291.20833	+29.95000	ASCC 102         	  21.6
291.31250	+13.94500	Kronberger 13    	   1.2
291.35000	+11.65833	Dolidze 35       	   7.0
291.43750	 +8.09500	FSR 0118         	   2.7
291.73333	+13.98222	FSR 0129         	   6.2
291.77917	+25.14000	NGC 6800         	   5.0
291.81667	-23.57639	ESO 525 08       	   6.0
292.15000	+17.36833	Berkeley 47      	   3.0
292.25417	+14.86722	King 26          	   4.4
292.31667	+23.31056	Teutsch 40       	   5.0
292.44583	+15.57444	FSR 0133         	   7.6
292.55417	+18.53583	Teutsch 42       	   1.2
292.64583	+20.26167	NGC 6802         	   5.0
292.67500	+15.43306	FSR 0131         	   3.4
293.47917	+18.52000	Kronberger 79    	   2.1
293.91250	+20.12889	FSR 0142         	   4.5
293.95000	+25.21667	Stock 1          	  52.0
293.98333	+35.66833	Teutsch 35       	  43.2
294.32083	+46.38833	NGC 6811         	  14.0
294.34583	+18.69861	Teutsch 27       	   3.6
294.58750	 +0.34528	Collinder 401    	   1.0
294.72083	+18.69000	ASCC 104         	  57.6
294.87917	+25.64500	Saurer 5         	   1.8
295.04583	+26.26333	Kronberger 31    	   1.3
295.31667	+40.19694	NGC 6819         	  13.0
295.44167	+27.38000	ASCC 105         	  72.0
295.60000	+38.65000	Skiff J1942+38.6 	  10.0
295.61667	+23.08778	Collinder 404    	   0.8
295.63750	 +1.52306	Alessi 44        	  79.2
295.65000	+21.15389	Czernik 40       	  14.4
295.69167	+29.86028	Teutsch 43       	   2.6
295.78750	+23.30000	NGC 6823         	   6.0
296.18333	+26.91000	FSR 0160         	   2.2
296.20417	+29.26500	Turner 9         	  33.0
296.25000	+17.51667	Roslund 1        	   3.0
296.29583	+28.16111	Kronberger 4     	   1.3
296.31667	+27.84167	Turner 8         	   5.0
296.35000	+23.91667	Roslund 2        	  14.0
296.59583	+24.65139	Dolidze 53       	  12.8
296.92500	+24.25944	Teutsch 7        	   8.0
296.99167	+23.35056	FSR 0154         	   0.8
296.99583	+26.03222	FSR 0158         	   1.2
297.06250	+59.42167	NGC 6832         	  24.0
297.10417	+27.29306	Turner 1         	   4.0
297.13333	+21.96000	ASCC 107         	  13.2
297.22083	+21.21500	NGC 6827         	   3.0
297.33750	+21.17000	Dias 7           	  10.0
297.57083	 +7.90333	NGC 6828         	   9.0
297.74583	+23.10000	NGC 6830         	   5.0
297.75417	+25.26861	Czernik 41       	   4.4
297.75833	+32.24306	Saurer 6         	   1.8
297.94167	+33.51194	FSR 0182         	   1.2
298.02500	+11.63444	Dias 8           	  10.0
298.05000	+29.40833	NGC 6834         	   5.0
298.27500	+18.33333	Harvard 20       	   7.0
298.28333	+11.69833	NGC 6837         	   4.6
298.45417	+39.37000	ASCC 108         	  26.4
298.50000	+34.58000	ASCC 109         	  60.0
298.63750	+17.93833	NGC 6839         	   6.0
298.82500	+12.12667	NGC 6840         	   6.0
299.02500	+12.16333	NGC 6843         	   5.0
299.11667	+32.34833	NGC 6846         	   2.0
299.15417	+30.21333	NGC 6847         	  20.0
299.25417	+31.60861	SAI 132          	   8.0
299.52500	+26.75861	FSR 0165         	   7.9
299.53333	+30.88833	Kronberger 52    	   1.2
299.55833	+32.54500	Loiano 1         	   6.0
299.67500	+20.48333	Roslund 3        	   5.0
299.82083	+56.13000	NGC 6856         	   3.2
299.87500	+34.64167	Berkeley 49      	   2.5
299.88750	+49.31389	Patchick 89      	   1.4
300.07917	+25.42111	FSR 0163         	   4.4
300.15000	+30.58972	Kronberger 68    	   2.2
300.32500	+28.61667	Berkeley 83      	   2.0
300.32500	+33.62000	Toepler 1        	   1.5
300.38333	+25.23500	FSR 0162         	   1.5
300.49583	+31.43833	Kronberger 69    	   4.0
300.52083	+33.91917	FSR 0188         	   3.4
300.59583	+35.31139	Teutsch 8        	   1.1
300.61250	+35.67528	FSR 0198         	   7.0
300.62500	+42.10000	Dolidze 36       	  14.0
300.73333	+11.25833	NGC 6858         	  10.0
300.75000	+33.57000	ASCC 110         	  27.6
300.75000	+37.68333	Dolidze 37       	   8.0
300.78333	+31.96694	Kronberger 54    	   0.8
300.97917	+44.15833	NGC 6866         	  14.0
301.17917	+33.90667	Berkeley 84      	   2.5
301.19167	-10.47833	Alessi 10        	  18.0
301.20833	+27.07056	FSR 0167         	   5.2
301.22500	+29.21667	Roslund 4        	   5.0
301.22500	-30.35000	ESO 461 38       	   4.0
301.36667	+33.57472	FSR 0190         	   4.2
301.42500	+41.20000	Dolidze 38       	  18.0
301.45000	+40.53333	Dol Dzim 10      	   2.5
301.49583	+35.77667	NGC 6871         	  29.0
301.63333	+35.57611	Kronberger 28    	   0.8
301.70000	+38.35000	Basel 6          	   7.0
301.71667	+33.83000	FSR 0192         	   5.6
301.87500	+35.68333	Biurakan 1       	  10.0
301.93333	+21.09750	NGC 6873         	  15.0
301.94167	+27.56528	FSR 0170         	   3.6
302.30000	+35.48333	Biurakan 2       	  20.0
302.40833	+36.50583	Dolidze 1        	   8.0
302.44167	+32.91306	FSR 0189         	   5.6
302.47500	+41.36667	Dolidze 2        	   6.0
302.50000	+33.76667	Roslund 5        	  50.0
302.57500	+41.21667	IC 1311          	   5.0
302.60000	+34.96667	Berkeley 50      	   2.0
302.80417	+37.45000	ASCC 111         	  66.0
302.82917	+35.83167	NGC 6883         	  35.0
302.89583	+26.53444	Collinder 416    	   8.0
302.90000	+35.60500	Ruprecht 172     	  15.0
302.94583	+26.81167	NGC 6882         	   5.0
302.97500	+34.40167	Berkeley 51      	   2.0
302.98750	+26.73556	AH03 J2011+26.7  	   4.5
303.00417	+26.47833	NGC 6885         	  20.0
303.07917	+37.89083	Kronberger 72    	   2.0
303.28333	+29.12333	FSR 0178         	   6.0
303.44583	+36.74861	Kronberger 73    	   1.2
303.62500	+28.94667	Berkeley 52      	   3.0
303.75000	+41.17944	FSR 0219         	   2.1
303.75833	+33.92861	Patchick 75      	   1.5
303.87083	+36.86306	Dolidze 3        	  15.0
304.12917	+37.65528	IC 4996          	   2.2
304.13333	+52.07500	Alessi Teutsch 11	  26.4
304.21250	+33.62667	FSR 0195         	   3.6
304.42500	+39.35000	vdBergh 130      	   6.0
304.44583	+38.03333	Feibelman 1      	   5.0
304.48333	+36.70528	Dolidze 4        	   8.7
304.48333	+37.93306	Dolidze 40       	  16.5
304.48750	+36.76028	Kronberger 74    	   1.1
304.52917	+40.73194	Collinder 419    	   4.0
304.55833	+42.63056	FSR 0232         	   3.1
304.58750	+31.20611	Teutsch 124      	   4.0
304.70417	+37.75000	Dolidze 41       	  11.0
304.72917	+37.75917	Berkeley 85      	   5.0
304.91667	+40.92778	FSR 0223         	   1.8
304.92500	+38.13333	Dolidze 42       	   7.0
305.02083	+40.83639	FSR 0222         	   1.2
305.04167	+39.33056	Dolidze 5        	   7.5
305.10000	+38.70000	Berkeley 86      	   6.0
305.13333	+41.35667	Dolidze 6        	   7.8
305.20000	+41.20472	Kronberger 58    	   0.2
305.40000	+48.08333	Berkeley 88      	   2.0
305.42500	+37.36667	Berkeley 87      	  10.0
305.45000	+25.74000	NGC 6904         	   8.0
305.79167	+41.69306	Collinder 421    	   3.6
305.80000	+40.77833	NGC 6910         	  10.0
305.98750	+36.60500	Kronberger 57    	   2.2
305.98750	+38.50833	NGC 6913         	  10.0
306.05417	+35.87250	Majaess 207      	   7.0
306.09583	+42.28111	Dolidze 8        	   7.3
306.15000	+46.05000	Berkeley 89      	   3.0
306.19167	+42.81778	FSR 0239         	   4.4
306.33750	+40.22694	FSR 0224         	   2.0
306.42500	+41.93333	Dolidze 9        	   5.0
306.57500	+40.11667	Dolidze 10       	   3.0
306.62500	+41.45000	Dolidze 11       	   5.0
306.65417	+37.28111	FSR 0210         	   4.3
306.65833	-80.00333	ESO 026 02       	   8.0
306.74583	+38.97556	FSR 0213         	   6.4
306.92917	+36.07556	Teutsch 30       	   3.2
307.07917	+35.11528	Teutsch 28       	   4.4
307.20417	+39.32667	Roslund 6        	  24.0
307.42500	+41.71667	Dolidze 44       	  10.0
307.64583	+44.31528	Wit 4            	
307.87500	+60.66167	NGC 6939         	  10.0
308.18333	+41.45222	FSR 0236         	   3.9
308.29167	+41.21861	Bica 1           	   3.0
308.31250	+41.31250	Bica 2           	   5.0
308.41667	+45.64306	FSR 0260         	   2.2
308.45833	+40.14806	Kronberger 59    	   1.0
308.60833	+28.28333	NGC 6940         	  25.0
308.67500	+22.21500	NGC 6938         	   7.2
308.69583	+41.41556	FSR 0238         	   3.7
308.73750	+42.92222	FSR 0247         	   0.4
308.78333	+53.30000	Patchick 103     	   1.3
308.82500	+46.83333	Berkeley 90      	   5.0
308.97083	+44.32528	FSR 0255         	   0.7
309.33750	+47.23444	Majaess 209      	   2.0
309.52083	+42.23111	FSR 0245         	   1.2
309.60000	+42.50083	FSR 0249         	   4.0
310.05833	+42.97583	FSR 0251         	   2.7
310.12917	+42.05000	FSR 0246         	   3.6
310.26667	+16.61833	NGC 6950         	  15.0
310.45000	+35.55000	Ruprecht 173     	  39.0
310.47917	+36.57694	Dolidze 47       	  11.0
310.72083	+37.82889	FSR 0225         	   3.0
310.85000	+35.58833	Turner 11        	   8.2
310.87917	+37.02417	Ruprecht 174     	   9.6
310.95000	+23.79167	Alessi 12        	  40.0
310.98750	+41.65750	FSR 0248         	   2.6
311.20833	+43.91500	FSR 0258         	   1.6
311.30000	+35.50000	Ruprecht 175     	  14.0
311.37500	+39.61111	FSR 0237         	   2.8
312.27917	+47.89472	FSR 0274         	   1.6
312.47083	+41.25500	SAI 137          	   6.0
312.75000	+35.95000	Dol Dzim 11      	   3.0
313.03333	+37.89556	Roslund 7        	  20.0
313.42500	+46.03333	Barkhatova 1     	  20.0
313.45000	+43.10972	FSR 0261         	   2.0
313.72500	+47.41667	NGC 6991         	  25.0
314.11667	+49.36861	FSR 0284         	   3.6
314.12500	+44.65000	NGC 6997         	   8.0
314.12500	+44.63333	NGC 6996         	  14.0
314.15000	+51.08333	Berkeley 53      	  22.0
314.15000	+46.89167	FSR 0275         	   3.8
314.78750	+50.77944	FSR 0290         	   4.3
315.15417	+68.15972	Collinder 427    	   4.0
315.41667	+44.81417	FSR 0273         	   1.9
315.42083	+44.11194	Teutsch 22       	   2.0
315.45417	+47.35333	NGC 7011         	   4.4
315.57500	+48.11667	FSR 0282         	   4.3
315.80000	+44.58333	Collinder 428    	  10.0
315.80000	+40.46667	Berkeley 54      	   4.0
315.94583	+46.98056	SAI 141          	   3.0
315.94583	+47.21500	Teutsch 156      	   3.0
316.04583	+44.34917	FSR 0270         	   1.5
316.53750	+41.48833	NGC 7024         	   5.0
316.80000	+50.87500	NGC 7031         	  14.0
317.03333	+49.00194	FSR 0288         	   3.1
317.50833	+15.51667	NGC 7036         	   4.0
317.62500	+46.23333	Basel 12         	   4.0
317.69167	+37.57444	Dolidze 45       	  16.2
317.70000	+45.61667	NGC 7039         	  14.0
317.71250	+50.30861	SAI 143          	   3.0
317.71667	+48.53667	Berkeley 91      	   3.0
317.72500	+33.76333	NGC 7037         	   5.0
317.95833	+52.38000	Kronberger 80    	   1.7
318.00000	+38.60000	ASCC 113         	  56.4
318.02500	+47.73333	IC 1369          	   5.0
318.07500	+46.56667	Basel 13         	  10.0
318.08333	+52.53278	FSR 0302         	   0.6
318.28750	+42.49500	NGC 7044         	   6.0
318.31250	+46.36917	Majaess 211      	   5.0
318.97500	+48.85000	Basel 15         	   6.0
319.24167	+51.75889	Berkeley 55      	   4.2
319.42500	+41.82667	Berkeley 56      	   2.0
319.87500	+57.57000	NGC 7055         	   5.0
320.32500	+44.81667	Basel 14         	   5.0
320.36667	-51.81167	ESO 236 07       	  30.0
320.43750	+50.61889	Teutsch 144      	   8.4
320.47083	+50.81833	NGC 7058         	   7.0
320.65833	+49.87750	FSR 0295         	   3.2
320.86250	+46.37833	NGC 7062         	   5.0
320.97917	+49.92194	FSR 0296         	   3.1
321.08750	+36.48667	NGC 7063         	   9.0
321.09583	+48.01000	NGC 7067         	   6.0
321.12917	+51.33944	FSR 0304         	   8.1
321.19583	+57.53333	Berkeley 92      	   2.0
321.53750	+53.53278	Kronberger 81    	   3.5
321.66250	+47.92000	NGC 7071         	   8.0
321.95000	+53.74917	FSR 0314         	   1.0
322.09167	+51.64194	FSR 0306         	   9.0
322.32083	+47.12667	NGC 7082         	  25.0
322.50833	+48.97667	Platais 1        	  10.0
322.61250	+51.60000	NGC 7086         	  12.0
322.95000	+48.43333	NGC 7092         	  29.0
323.13750	+17.50833	NGC 7084         	  16.0
323.15417	+53.76333	FSR 0317         	   3.9
323.51250	+50.76639	FSR 0307         	   1.2
323.58750	+45.96500	NGC 7093         	  13.0
323.71250	+50.92389	FSR 0312         	   2.0
323.85833	+53.68556	FSR 0320         	   1.5
323.88333	+53.51361	Kronberger 84    	   2.2
324.03750	+53.81472	FSR 0324         	   1.3
324.50833	+53.81944	FSR 0326         	   1.9
324.77500	+57.50000	Trumpler 37      	  89.0
325.00417	+53.97000	ASCC 114         	  19.2
325.21667	+52.30694	FSR 0316         	   1.0
325.74583	+66.11333	NGC 7129         	   7.0
325.79167	+52.53250	FSR 0323         	   2.1
325.90833	+51.07139	Barkhatova 2     	   5.0
325.92083	+54.63000	NGC 7127         	   5.0
325.98750	+53.71500	NGC 7128         	   4.0
326.28750	+65.77500	NGC 7142         	  12.0
326.43333	+58.08417	Teutsch 74       	   4.0
326.54167	+55.44889	FSR 0334         	   1.0
326.65000	+51.41167	FSR 0319         	   2.4
326.78750	+54.93889	FSR 0333         	   1.5
327.55000	+51.21111	FSR 0322         	   3.8
327.67083	+51.37472	FSR 0325         	   1.8
327.71250	+55.24639	FSR 0336         	   9.9
327.93333	+55.32944	FSR 0338         	   2.7
328.35000	+47.26667	IC 5146          	  20.0
328.41667	+62.60333	NGC 7160         	   5.0
329.05000	+63.93333	Berkeley 93      	   2.0
329.22083	+51.48000	ASCC 115         	  19.2
329.64167	+54.49000	ASCC 116         	  21.6
329.69167	+54.81833	NGC 7175         	  32.0
330.76250	+10.80167	NGC 7193         	  13.0
331.24583	+62.27000	ASCC 117         	  42.0
331.27917	+46.48333	NGC 7209         	  14.0
331.38750	+53.36833	FSR 0341         	   1.5
331.77500	+72.00000	Collinder 471    	 130.0
331.92083	+53.12917	FSR 0342         	   8.1
332.11250	+61.02833	Alessi Teutsch 5 	  25.2
332.55833	+58.80806	FSR 0358         	   5.8
332.60833	+55.39833	NGC 7226         	   2.0
332.64167	+52.82778	IC 1434          	   7.0
332.70000	+60.10611	FSR 0364         	   1.2
332.80000	+57.69944	FSR 0354         	   5.1
333.10417	+57.27000	NGC 7235         	   5.0
333.20000	+73.33333	vdBergh 150      	  35.0
333.37500	+70.25000	vdBergh 152      	  25.0
333.44167	+55.72000	Teutsch 126      	   9.0
333.78333	+49.89833	NGC 7243         	  29.0
333.79583	+54.34333	NGC 7245         	   7.0
333.87500	+54.40000	King 9           	   3.0
334.08333	+60.10167	Kumar 21         	   1.5
334.12500	+54.05000	IC 1442          	   5.0
334.16250	+60.82056	FSR 0369         	   0.7
334.58750	+56.77278	FSR 0356         	   0.8
334.66250	+59.01389	FSR 0366         	   0.8
334.70000	+63.26667	Pismis Moreno 1  	   6.0
334.73750	+56.08639	SBB 2            	   0.5
334.75000	+56.12361	Teutsch 127      	   0.8
334.80000	+46.90000	ASCC 119         	  25.2
335.02917	+58.12806	NGC 7261         	   7.0
335.67500	+55.85000	Berkeley 94      	   3.0
335.85000	+56.60750	SBB 4            	   1.5
336.13333	+60.41361	Teutsch 53       	   5.0
336.32500	+57.81667	NGC 7281         	  12.0
337.00417	+52.32278	NGC 7296         	   8.0
337.07500	+59.13333	Berkeley 95      	   3.0
337.19167	+61.63278	Teutsch 76       	   3.0
337.45417	+55.39639	Berkeley 96      	   3.0
337.65000	+57.21000	ASCC 120         	  36.0
337.67917	+54.90000	ASCC 121         	  27.6
337.72500	+53.95639	FSR 0357         	   0.6
338.26667	+55.53944	FSR 0365         	   1.6
338.30833	+39.61000	ASCC 122         	  86.4
338.71667	+58.30444	FSR 0377         	   1.5
339.12083	+37.75639	Teutsch 39       	  17.0
339.86667	+58.99750	Berkeley 97      	   4.0
339.92917	+57.39500	NGC 7352         	   9.0
339.95000	+59.91500	Czernik 42       	   3.5
340.55417	+58.33111	FSR 0381         	   1.9
340.63333	+58.93139	FSR 0385         	   3.3
340.65000	+54.26000	ASCC 123         	 153.6
340.65833	+52.38778	Berkeley 98      	  10.0
341.83750	+58.13167	NGC 7380         	  20.0
341.84583	+59.77500	Teutsch 54       	   8.0
342.03333	+46.25167	Alessi 37        	  36.0
342.39167	+59.93583	Majaess 215      	   6.0
342.59583	+52.13500	NGC 7394         	   9.0
342.91667	+56.10944	FSR 0384         	   3.4
343.00417	+58.29333	King 18          	   8.0
343.35833	+62.14194	FSR 0404         	   2.4
343.45000	+62.61194	FSR 0406         	   6.2
343.58333	+60.81500	NGC 7419         	   5.0
343.72500	+59.16667	King 10          	   4.0
343.78333	+57.09667	NGC 7423         	   5.0
343.78333	+58.72500	FSR 0394         	   1.9
344.00000	+59.97333	NGC 7429         	  14.0
344.07083	+62.75000	ASCC 125         	  66.0
344.34167	+54.33833	NGC 7438         	   8.0
345.22917	+59.70500	FSR 0401         	   1.5
345.25000	+62.89389	FSR 0413         	   2.4
345.43750	+63.02056	FSR 0414         	   1.2
345.57083	+63.06278	FSR 0416         	   9.0
346.18750	+60.07778	Reiland 1        	   1.0
346.49583	+60.25389	Kronberger 23    	   2.5
346.57500	+51.05000	ASCC 126         	  36.0
347.05000	+60.86500	Pfleiderer 3     	   4.0
347.07500	+60.51667	King 19          	   5.0
347.10000	+64.85000	ASCC 127         	  86.4
347.76250	+60.57000	NGC 7510         	   6.0
348.49583	+59.84000	FSR 0417         	   1.8
348.65833	+61.28361	FSR 0425         	   5.4
348.77917	+60.84972	FSR 0422         	   2.0
348.82500	+60.46667	Markarian 50     	   2.0
348.88333	+61.11417	FSR 0426         	   1.0
350.14583	+54.60000	ASCC 128         	  42.0
350.40000	+71.75000	Berkeley 99      	   5.0
351.20000	+61.59333	NGC 7654         	  15.0
351.45000	+61.31667	Czernik 43       	   5.0
351.49167	+63.78000	Berkeley 100     	   2.0
351.92083	+55.59167	Alessi J2327+55  	  25.2
352.50833	+63.48194	FSR 0442         	   4.4
352.52500	+60.25750	FSR 0436         	   2.6
352.52917	+49.13333	NGC 7686         	  16.0
352.55000	+60.25833	Skiff J2330+60.2 	   2.8
352.79167	+59.78556	FSR 0435         	   1.5
353.19583	+64.20833	Berkeley 101     	   2.0
353.22500	+55.48333	Stock 11         	  10.0
353.31250	+58.46667	King 20          	   6.0
353.37500	+61.95000	Czernik 44       	   4.0
354.08333	+52.54333	Stock 12         	  35.0
354.12500	+72.85000	NGC 7708         	  24.0
354.44583	+48.56000	Aveni Hunter 1   	  47.0
354.50833	+60.54917	SAI 149          	   7.0
354.67500	+56.63333	Berkeley 102     	   5.0
354.95000	+61.92806	Majaess 225      	  12.0
355.53750	+58.55250	FSR 0441         	   2.1
355.89583	+59.08722	FSR 0443         	   1.3
355.94583	+62.16028	Stock 17         	   1.0
356.30000	+59.30000	Berkeley 103     	   2.0
356.78750	+60.91750	FSR 0448         	   4.9
356.82917	+60.46750	Majaess 227      	  13.0
356.83333	+63.22000	Negueruela 1     	   2.0
356.85417	+63.22639	FSR 0453         	   4.5
356.95000	+68.63333	King 11          	   5.0
356.97917	+62.98972	Teutsch 23       	   8.0
357.02917	+36.20500	Alessi 22        	  82.0
357.47500	+62.71667	King 21          	   4.0
357.72917	+62.32083	Pfleiderer 4     	   4.0
357.81667	+60.84722	FSR 0451         	   1.9
357.94167	+16.24667	NGC 7772         	   3.0
358.20000	+62.44000	ASCC 130         	  18.0
358.25417	+61.94583	King 12          	   5.0
358.28750	+62.78667	Kronberger 55    	   1.1
358.52500	+61.76667	Harvard 21       	   3.0
359.07500	+64.55000	Czernik 45       	   2.5
359.15833	+61.40056	NGC 7788         	   4.0
359.27500	+65.41444	FSR 0469         	   1.8
359.35000	+56.70833	NGC 7789         	  25.0
359.35000	+61.63333	Frolov 1         	   4.0
359.60000	+61.20833	NGC 7790         	   5.0
359.65417	+60.03500	NGC 7795         	  21.0
359.79167	+60.69194	FSR 0460         	   1.4
359.98333	+68.03417	NGC 7762         	   4.4
