_RAJ2000	_DEJ2000	Seq	Diam1	Diam2	Bright	Name
deg	deg	 	arcmin	arcmin	 	
--------	--------	----	----	---	-	--------
266.2937	-28.8533	   1	   4	  4	5	S 17
267.0459	-29.1829	   2	  14	 10	4	S 19
266.7933	-28.7675	   3	   2	  2	5	S 20
267.7944	-28.9293	   4	   3	  3	5	S 21
250.2234	-17.5958	   5	  25	 12	5	
249.2179	-16.6004	   6	  90	  8	6	
248.4635	-15.7705	   7	  50	 10	6	DG 144
237.6650	 -5.9836	   8	  45	 12	6	
266.5273	-26.1854	   9	   5	  5	4	
238.4099	 -4.6972	  10	  60	 30	6	
237.6570	 -4.0503	  11	  15	 15	5	
247.6941	-11.7739	  12	  65	 20	4	
243.1755	 -8.0437	  13	  35	 15	6	S 14
268.7696	-24.8412	  14	  60	 40	4	S 22
237.9059	 -3.7492	  15	  20	 12	5	
248.1919	-11.2716	  16	 150	 30	5	
242.6712	 -7.0959	  17	  30	 10	5	S 24
237.6523	 -2.9003	  18	  28	 10	5	
237.6520	 -2.8169	  19	 140	 90	6	
246.6837	 -9.6117	  20	  50	 20	4	
247.1839	 -9.6095	  21	  18	  6	3	
247.1835	 -9.5261	  22	  40	 20	5	
237.1484	 -1.9523	  23	  30	  8	5	
248.1865	-10.1050	  24	 480	240	6	S 27
271.0167	-24.3303	  25	  45	 30	1	NGC 6523
271.2666	-24.3290	  26	  90	 40	2	
270.5089	-22.9994	  27	  20	 20	1	NGC 6514
272.5146	-23.9896	  28	  15	 10	1	NGC 6559
272.5146	-23.9896	  29	  45	 45	3	S 29
246.1737	 -7.4473	  30	 140	 10	4	
272.0115	-23.4421	  31	   3	  3	6	IC 4681
248.1795	 -8.6050	  32	  65	 20	4	
272.7631	-23.7384	  33	  20	  5	1	IC 1274
272.2614	-23.4409	  34	   3	  2	3	IC 4684
248.9317	 -9.0183	  35	  20	 10	3	
240.1474	 -1.6399	  36	  50	 30	5	
240.1474	 -1.6399	  37	  30	 20	6	S 33
272.0032	-21.9921	  38	  60	 30	5	S 34
249.1763	 -7.8505	  39	  70	 15	4	
272.2504	-21.4909	  40	  10	  7	4	
300.7875	-31.3592	  41	 210	 90	6	
273.9937	-20.3157	  42	  10	  7	2	S 35
274.2405	-19.7312	  43	   4	  3	1	NGC 6590
241.6389	 +0.3664	  44	  70	 50	5	
241.6389	 +0.3664	  45	  40	 10	6	S 36
274.2400	-19.6479	  46	   4	  3	1	NGC 6589
274.2391	-19.4812	  47	  15	 15	2	IC 1283
272.2321	-18.1576	  48	   3	  3	5	S 38
272.9798	-17.7373	  49	  15	 10	5	S 40
271.7259	-16.9934	  50	  18	  5	5	
273.9810	-17.9824	  51	 210	120	4	S 41
274.9809	-17.9776	  52	  30	  5	2	
272.7240	-16.6552	  53	  30	 30	6	
300.7681	-27.8592	  54	 260	 40	6	
273.9739	-16.6491	  55	  60	 40	4	IC 4701
273.9739	-16.6491	  56	   3	  3	3	S 42
274.4704	-15.9800	  57	 120	120	6	
271.4610	-14.1613	  58	  30	 20	3	S 46
274.2178	-15.4813	  59	   5	  4	3	S 47
275.2203	-15.9764	  60	  40	 30	1	NGC 6618
273.2127	-14.4861	  61	  20	 15	5	
275.2142	-14.8098	  62	  20	 20	6	S 50
277.7199	-15.9643	  63	  80	 60	5	
275.7133	-14.6407	  64	  15	 12	4	S 48
280.2236	-16.7857	  65	  40	 10	6	S 51
276.4640	-14.8037	  66	  10	  6	5	
274.7091	-13.8122	  67	 120	 25	1	NGC 6611
274.9595	-13.8943	  68	  35	 30	3	
278.4671	-15.4607	  69	  30	 10	5	
274.9548	-12.9777	  70	 180	120	6	
274.7023	-12.4789	  71	  80	 30	3	
274.4498	-11.9801	  72	  60	 30	1	S 54
278.1983	-11.7620	  73	  20	 20	3	S 55
278.1983	-11.7620	  74	  10	  6	6	
277.9435	-10.7965	  75	  20	 10	3	IC 1287
277.9435	-10.7965	  76	  35	 25	6	
277.6877	 -9.6311	  77	  10	  8	6	S 56
277.6828	 -8.6311	  78	   2	  2	4	S 57
277.9319	 -8.4632	  79	   8	  5	3	S 58
279.1777	 -7.6239	  80	  30	 15	5	S 59
278.6741	 -6.8763	  81	  40	 15	6	
279.1728	 -6.6239	  82	  15	 15	4	S 60
296.4575	-14.8775	  83	  10	  8	4	
278.4148	 -4.9609	  84	   2	  2	1	S 61
276.9092	 -3.8014	  85	   3	  3	4	S 62
299.4534	-14.3646	  86	  70	 40	5	S 63
296.4475	-12.7109	  87	  10	  8	4	
259.6114	 +6.1150	  88	  12	  8	4	DG 146
296.4452	-12.2109	  89	   2	  2	4	
277.9011	 -2.1300	  90	  20	  8	2	S 64
281.6587	 -3.7286	  91	  10	  2	5	S 65
281.4002	 -1.9465	  92	  10	 10	4	S 66
276.1367	 +0.8616	  93	   8	  5	3	S 68
282.4020	 -2.3251	  94	  15	 15	5	S 67
278.6407	 +0.0403	  95	  12	 10	5	
277.6359	 +1.0355	  96	   8	  4	4	DG 152
277.8850	 +1.2200	  97	  10	  5	3	
277.8843	 +1.3700	  98	  22	 20	4	DG 153
280.8923	 -0.2823	  99	  15	 10	4	S 69
296.4234	 -7.3776	 100	  40	 12	5	
296.4168	 -5.8776	 101	 180	 90	6	
273.6064	 +7.0660	 102	   8	  4	6	S 70
285.3808	 +2.1557	 103	   2	  1	1	S 71
286.1297	 +2.4092	 104	  35	 20	5	
242.5416	+21.8705	 105	  60	 20	5	S 73
243.2917	+21.7071	 106	  30	 20	6	
283.6123	 +6.0474	 107	   4	  4	5	
300.6489	 -1.8595	 108	 150	 50	6	
287.3650	 +5.5817	 109	   3	  2	6	S 74
284.1038	 +7.8164	 110	   8	  5	6	S 76
303.3966	 -1.3481	 111	  20	 10	4	DG 161
311.6618	 -5.6495	 112	  30	 18	5	
303.3945	 -0.8481	 113	  70	 20	5	
307.9007	 -2.4969	 114	  85	 30	6	
306.3970	 -1.5028	 115	  35	 10	6	
302.8925	 -0.3501	 116	 140	 80	6	
318.6664	 -7.7921	 117	 360	120	6	
313.6582	 -4.8090	 118	  90	 15	6	
306.8944	 -0.8341	 119	 140	 10	6	
308.3962	 -1.3283	 120	  30	 35	6	
309.1442	 -0.8255	 121	  70	  3	6	
306.3878	 +0.8472	 122	  42	 12	6	
306.8866	 +1.1658	 123	  20	 10	6	
308.1419	 -0.2126	 124	  20	 15	6	
307.8860	 +1.3364	 125	  30	  5	6	
297.3408	+11.4599	 126	  20	  8	6	
287.8107	+16.8338	 127	   1	  1	1	S 80
292.5561	+18.2555	 128	  10	 10	3	C 168
292.5560	+18.2722	 129	   7	  7	3	DG 159
291.7928	+20.7854	 130	   8	  5	6	DG 157
297.0586	+18.3754	 131	  15	  3	3	S 84
306.3343	+14.1638	 132	 120	 30	6	
291.2820	+22.7665	 133	   5	  3	4	DG 155
291.5322	+22.7676	 134	   8	  3	2	C 167
295.7830	+23.2866	 135	  40	 30	3	NGC 6823
296.5263	+24.7065	 136	  17	  8	4	S 87
296.5238	+25.1732	 137	   2	  2	1	
296.5237	+25.1898	 138	   2	  2	1	
296.5229	+25.3398	 139	  18	  6	3	S 88
325.6238	 +6.2289	 140	 180	 50	6	
306.8098	+19.9990	 141	 160	 60	5	
337.0998	+20.5891	 142	 200	 30	6	
310.3212	+18.1790	 143	 120	 20	5	
297.2658	+26.8097	 144	   8	  3	2	S 90
296.5068	+28.2898	 145	  45	 20	5	S 92
298.7650	+27.2828	 146	   1	  1	1	S 93
294.2466	+29.6132	 147	 120	  2	3	S 91
291.9831	+31.4364	 148	  50	  2	4	S 94
298.7539	+29.2995	 149	   1	  1	1	S 95
292.2255	+32.6875	 150	  20	 10	5	S 96
298.9995	+30.1339	 151	  10	 10	6	S 97
324.3542	+12.7253	 152	 190	 15	6	
301.2580	+29.1767	 153	   1	  3	2	IC 4954
299.7439	+31.3037	 154	  10	 10	6	S 98
300.9905	+32.2090	 155	   5	  3	4	
299.2318	+33.2182	 156	  22	  3	4	
327.6057	+13.2342	 157	  90	 20	6	
299.9830	+33.2047	 158	  16	  6	3	
300.4842	+33.1402	 159	  80	 30	4	
300.2318	+33.4725	 160	   3	  3	2	S 99
300.4822	+33.4735	 161	   3	  3	2	S 100
301.7333	+33.6454	 162	 180	180	6	
302.4865	+33.3152	 163	  20	 10	5	
300.9790	+34.1423	 164	  33	 15	4	
295.9549	+36.6208	 165	 195	 30	6	
301.7303	+34.1454	 166	  40	 20	4	
313.7897	+26.6917	 167	  70	 30	6	
299.9701	+35.3047	 168	  20	 15	1	C 173
308.2612	+30.6714	 169	  70	 15	6	S 102
301.4768	+34.6443	 170	  60	 50	5	
300.2195	+35.4724	 171	  20	 10	4	
302.4806	+34.3151	 172	  43	 15	4	
296.4511	+37.2897	 173	  30	  8	6	
300.9728	+35.1422	 174	  80	 50	3	
303.4853	+33.8192	 175	  53	 15	4	
295.9480	+37.6208	 176	  30	  6	6	
301.2231	+35.1766	 177	  20	  5	2	
299.7143	+36.1370	 178	 100	 40	5	
301.9731	+35.3964	 179	  25	 10	3	
300.9655	+36.3089	 180	  80	 10	5	
303.4783	+34.9859	 181	  15	  3	3	IC 1310
302.4714	+35.8151	 182	  90	 20	3	
300.7107	+36.9745	 183	  15	  5	3	
297.9467	+38.2961	 184	  20	  6	6	
305.9870	+34.3292	 185	  80	 40	5	
297.6933	+38.7117	 186	  20	 10	6	
301.9641	+36.8130	 187	  80	 20	3	
344.6408	 +0.1013	 188	  22	 12	6	
301.9619	+37.1464	 189	  60	 20	4	
300.9545	+37.9755	 190	  60	 20	4	
313.0175	+31.1890	 191	 210	160	0	NGC 6960
301.4544	+38.1443	 192	  10	  3	4	
302.4586	+37.8151	 193	  90	 30	5	
301.2016	+38.4766	 194	   4	  3	4	
304.4690	+36.8232	 195	   7	  7	2	S 104
298.1853	+39.9639	 196	  20	  8	5	
301.4521	+38.4776	 197	   5	  3	4	
307.2317	+35.6675	 198	 130	 60	6	
300.1927	+39.4724	 199	  35	 10	4	
298.4333	+40.2983	 200	  70	 10	5	
297.4277	+40.7939	 201	  60	 40	6	
298.9355	+40.1337	 202	  45	 10	5	
303.2068	+38.3182	 203	  20	 10	1	NGC 6888
295.6667	+41.7863	 204	  20	  7	5	
301.6981	+39.1453	 205	 300	150	6	
303.9594	+38.1545	 206	  50	 30	4	
299.6858	+40.3036	 207	  40	 10	6	
302.4508	+38.9817	 208	 120	 20	2	
304.4616	+37.9899	 209	  30	 15	5	
306.9752	+36.6665	 210	  70	 30	6	
306.2206	+37.1635	 211	 240	 60	5	
304.9626	+37.9919	 212	  40	 10	5	
300.9395	+40.1422	 213	  20	  5	4	
301.9446	+39.7297	 214	   4	  3	4	
303.9551	+38.8212	 215	  40	 20	4	
301.6923	+39.9786	 216	  45	 20	4	
301.1889	+40.3099	 217	  15	  5	3	
307.7254	+36.9194	 218	  10	 10	2	
307.4738	+37.0851	 219	  30	 20	5	
326.8279	+22.3989	 220	  25	 10	6	
297.4148	+42.4606	 221	  52	 10	5	
301.9393	+40.4797	 222	 180	 90	5	
303.1955	+39.9848	 223	  20	  5	4	
306.2122	+38.4968	 224	 150	 60	6	
292.8880	+44.6074	 225	 210	 50	6	
307.9714	+37.6703	 226	 110	 60	6	
301.6839	+41.1453	 227	 100	 10	3	
298.4155	+42.6316	 228	  35	 15	5	
309.2273	+37.1751	 229	  40	 10	5	
312.4960	+35.1871	 230	  40	 10	5	
310.7356	+36.3474	 231	   8	  8	5	S 107
300.4250	+41.9734	 232	 120	 10	5	
302.1838	+41.3140	 233	 160	 30	4	
305.4528	+39.6605	 234	 110	 60	3	S 108
310.7336	+36.6807	 235	 180	150	6	
303.9425	+40.6545	 236	  90	 60	3	
299.6676	+42.7202	 237	  53	 20	4	
301.1741	+42.3099	 238	  10	 10	4	
303.4367	+41.3191	 239	  60	 20	2	
304.9449	+40.6585	 240	 120	 60	4	
304.9449	+40.6585	 241	  40	 20	2	
300.6691	+42.8078	 242	  20	  5	4	
302.6800	+41.9827	 243	  30	 20	4	
300.4160	+43.1400	 244	 420	 90	6	
306.9542	+39.9998	 245	  45	 20	1	IC 1318B
312.7393	+36.5213	 246	  45	 30	5	
310.4743	+38.1798	 247	 101	 20	5	
305.1920	+41.1595	 248	  30	 30	6	
306.4496	+40.4978	 249	  50	 30	1	
313.7436	+36.1916	 250	  50	 20	4	
304.1848	+41.8222	 251	  45	 25	1	IC 1318A
301.4183	+43.1442	 252	  18	  5	4	
306.4462	+40.9978	 253	  20	 15	3	
319.7774	+32.2117	 254	 100	 20	6	S 110
312.9862	+37.1889	 255	  70	 10	4	
314.9984	+35.8626	 256	  12	  2	4	
307.4510	+40.6684	 257	 120	 60	4	
308.2056	+40.2546	 258	  30	 10	5	
304.6836	+42.1575	 259	  60	 20	3	
300.9105	+43.9754	 260	  60	 15	5	
306.6951	+41.2488	 261	  25	 15	6	
300.9091	+44.1421	 262	  80	 30	4	
311.2221	+38.8492	 263	 130	 30	6	
301.9142	+43.8129	 264	  70	  5	4	
310.7188	+39.1807	 265	  40	 40	3	
314.9953	+36.4459	 266	  12	  2	4	
307.4476	+41.1684	 267	  60	 20	3	
306.1895	+41.8635	 268	   5	  4	3	
315.4979	+36.1976	 269	 130	 20	5	
305.9368	+42.1625	 270	 180	 90	5	
308.9548	+40.6741	 271	  40	 10	4	
300.6531	+44.8077	 272	  90	  7	3	
306.4380	+42.1644	 273	  22	 10	3	
306.1863	+42.3135	 274	   3	  3	1	NGC 6914
309.2054	+40.6751	 275	  10	  6	3	
308.9537	+40.8408	 276	   8	  4	3	
310.7147	+39.8473	 277	  30	 30	5	
304.6762	+43.1575	 278	  30	 20	3	
306.6887	+42.1654	 279	  70	 20	4	
306.4365	+42.3811	 280	   3	  3	1	NGC 6914
306.4358	+42.4811	 281	   3	  3	1	
324.7996	+29.5600	 282	  80	 10	6	
313.7325	+38.1915	 283	  35	 10	5	
315.2419	+37.1968	 284	  25	  3	4	
308.4479	+41.5055	 285	  50	 45	5	
308.1961	+41.6712	 286	  12	  3	3	
324.5471	+30.0593	 287	  70	 10	6	S 111
307.9431	+42.0036	 288	  45	 20	4	
312.9757	+39.0222	 289	  60	 25	5	
315.2401	+37.5301	 290	   8	  3	4	
314.4849	+38.1108	 291	  10	  8	4	
306.1801	+43.1634	 292	  90	 30	3	
307.4371	+42.6683	 293	  50	 40	5	
300.8952	+45.8087	 294	  70	  5	4	
313.4762	+39.1573	 295	  15	  8	4	
315.7405	+37.6985	 296	  20	 10	5	
300.3911	+46.1400	 297	  50	 20	4	
304.9180	+44.3251	 298	   8	  2	3	
315.9903	+37.8660	 299	  50	 10	4	
305.6725	+43.9948	 300	  60	 10	3	
304.4140	+44.6565	 301	  20	 10	3	
311.2086	+41.0158	 302	  40	 20	4	
304.9166	+44.4918	 303	  40	 10	3	
314.9830	+38.6959	 304	 130	 13	5	
306.9297	+43.4997	 305	  20	  5	3	
326.0512	+29.8968	 306	  40	 10	6	
317.2472	+37.2035	 307	 230	 70	6	
311.7100	+41.0177	 308	 120	 30	5	
307.9349	+43.1703	 309	  42	 10	4	
304.1593	+45.1554	 310	 360	120	4	
311.9607	+41.0186	 311	  40	 40	6	
309.6956	+42.3436	 312	  40	 20	4	
302.9005	+45.8170	 313	  55	  8	3	
305.1634	+44.9928	 314	  30	 10	3	
307.6768	+44.1693	 315	  90	 60	4	
317.4926	+38.2044	 316	 160	 20	5	
307.9275	+44.1702	 317	  23	 20	3	
315.2270	+39.8634	 318	  50	 10	5	
313.2132	+41.1897	 319	  35	 15	5	
311.9532	+42.1852	 320	  90	 30	4	
317.9940	+38.2060	 321	  85	 10	4	
310.6939	+43.0140	 322	   8	  4	3	
310.6933	+43.0973	 323	  20	 10	4	
310.9446	+43.0149	 324	 100	 60	5	
304.6511	+46.3241	 325	  25	 10	2	
304.9004	+46.4918	 326	  80	 10	4	
312.9561	+42.1888	 327	  80	 30	5	
312.7032	+42.5213	 328	  40	 30	2	IC 5068
312.1983	+43.0195	 329	  60	 20	5	
308.6735	+45.0064	 330	  40	 20	4	
303.3860	+47.6524	 331	 120	  3	4	
313.7062	+42.5248	 332	  40	 40	3	
320.2513	+38.0465	 333	  20	  5	4	S 113
311.9430	+43.6852	 334	  60	 60	4	
305.6484	+46.9947	 335	  10	  5	3	
305.3962	+47.1604	 336	  60	 20	3	
308.4176	+45.6721	 337	  13	 13	1	C 181
311.9419	+43.8519	 338	  40	 15	2	
309.4232	+45.3426	 339	  50	  5	4	
317.7319	+40.2885	 340	   9	  5	5	
311.6888	+44.1843	 341	  70	 40	5	
313.7029	+43.0248	 342	  60	 30	6	
312.6953	+43.6879	 343	  40	 10	2	
306.1485	+47.1634	 344	  80	 40	5	
305.3919	+47.6604	 345	 180	 20	5	
320.7511	+38.3814	 346	 100	 30	6	
320.2475	+38.7965	 347	  12	  6	4	S 114
313.9526	+43.1924	 348	  40	 20	3	
313.9526	+43.1924	 349	  45	 20	3	
312.6919	+44.1879	 350	  60	 50	3	IC 5070
309.1660	+46.1750	 351	 180	120	5	
307.4024	+47.1683	 352	  85	 30	3	
312.6907	+44.3546	 353	  25	 10	1	IC 5067
314.4531	+43.3608	 354	  60	 20	2	
323.7685	+36.5571	 355	  90	 40	6	
314.9558	+43.1959	 356	  50	 30	3	
308.6591	+46.8397	 357	  30	 20	2	S 115
308.6591	+46.8397	 358	  60	 40	3	
313.1923	+44.3564	 359	  60	 10	2	
318.9844	+40.5425	 360	  33	 10	5	
310.4213	+46.0130	 361	  80	 10	4	
308.4056	+47.1721	 362	  60	  5	2	
315.9590	+43.1993	 363	 140	 30	6	
306.1354	+48.6634	 364	 110	 30	6	
316.4606	+43.2010	 365	 100	 40	4	
323.2594	+38.2223	 366	 150	 30	5	
308.9030	+47.6740	 367	 150	 60	4	
308.9030	+47.6740	 368	  10	  2	3	
317.2152	+42.8701	 369	  40	 10	5	
305.6277	+49.3280	 370	  60	 60	2	
313.6881	+45.1915	 371	 120	 20	4	
308.9016	+47.8407	 372	  30	  2	3	
315.4508	+44.1976	 373	 120	 30	4	NGC 7000
324.0125	+38.0578	 374	 110	 15	5	
309.4033	+47.8426	 375	  25	  2	3	
309.1511	+48.0083	 376	  50	  2	3	
306.1278	+49.4967	 377	 105	 10	3	
314.1886	+45.3599	 378	  90	 30	3	
307.3865	+49.0016	 379	  12	 10	3	
309.1497	+48.1750	 380	 150	 60	5	
308.6437	+48.6730	 381	 100	 30	3	
307.8867	+49.1702	 382	 240	120	4	
318.4673	+43.2076	 383	  20	 10	4	
314.6880	+45.6950	 384	 120	100	1	
315.6949	+45.1984	 385	  70	 20	2	
307.8837	+49.5035	 386	  50	 10	3	
314.9377	+45.8625	 387	  80	 20	2	
312.9208	+47.1888	 388	 240	120	6	
318.7151	+43.7084	 389	  15	  5	3	
318.7141	+43.8750	 390	  20	 10	4	
319.2168	+43.7100	 391	 150	 60	5	S 119
317.2002	+45.2035	 392	  50	  8	5	
318.9639	+44.0425	 393	  25	 10	3	
313.9228	+47.3923	 394	   7	  7	1	IC 5076
324.5046	+40.0592	 395	   2	  2	6	
324.5042	+40.1425	 396	   2	  2	6	
324.7556	+40.0266	 397	   2	  2	6	
324.7554	+40.0599	 398	   2	  2	6	
324.5031	+40.3592	 399	   2	  2	6	
320.2203	+43.7131	 400	  90	 15	2	
320.7241	+43.3814	 401	 100	 40	4	
319.9664	+44.2124	 402	  60	 30	4	
314.4181	+48.2441	 403	   5	  3	6	DG 166
320.9670	+44.7155	 404	  90	 60	6	
325.4974	+42.2287	 405	 270	 90	6	S 118
251.4287	+60.2443	 406	 120	 30	6	
323.9812	+44.2244	 407	 120	 12	6	
315.6573	+50.1983	 408	   2	  2	3	DG 170
315.9090	+50.1159	 409	   2	  2	3	DG 169
316.9172	+49.6192	 410	   2	  2	4	
316.4127	+49.9176	 411	   2	  2	4	DG 171
315.9079	+50.2492	 412	   2	  2	3	
252.6658	+60.7501	 413	  40	 12	6	
325.4859	+44.4286	 414	  15	 10	5	S 123
251.4061	+61.4109	 415	 210	 20	6	
322.4540	+47.7200	 416	  80	 10	6	
321.4442	+48.5503	 417	  30	 20	6	
344.3565	+24.2676	 418	 200	120	6	
348.1203	+19.2720	 419	 180	180	6	
331.2666	+42.7434	 420	 190	 90	6	
323.9437	+50.2243	 421	  30	 12	4	
312.5783	+56.7710	 422	  15	 13	5	C 184
324.4452	+50.3591	 423	  12	 10	2	
328.4830	+47.2366	 424	  10	 10	1	IC 5146
333.0215	+43.2474	 425	 270	270	6	
325.1985	+50.3946	 426	  90	 30	4	S 124
347.6142	+23.6048	 427	  20	  8	6	
338.0581	+38.2576	 428	 110	 30	6	S 126
337.5538	+39.0900	 429	 100	 20	4	
337.8047	+39.0905	 430	  50	 10	3	
347.1107	+25.4376	 431	  50	  8	6	
335.5355	+42.2528	 432	 270	 30	5	
339.3130	+38.0932	 433	 120	 30	6	
355.6371	 +9.2774	 434	  80	 30	6	
340.0671	+37.5945	 435	  20	 12	6	
322.1508	+54.5525	 436	   1	  1	4	S 127
338.0510	+40.5910	 437	  75	 20	4	DG 187
340.3175	+37.7616	 438	  30	  5	4	
346.3544	+28.6034	 439	  28	  6	6	
341.0714	+37.2628	 440	  10	 10	5	
315.8112	+59.5490	 441	   1	  1	4	DG 168
339.5553	+41.0936	 442	 110	 30	5	
323.1442	+55.8888	 443	   1	  1	2	S 128
304.6763	+63.8246	 444	  10	 10	6	
317.8266	+59.2890	 445	  60	  5	4	
319.3440	+58.5939	 446	  12	 10	3	C 191
303.6603	+64.3206	 447	  10	  3	6	
340.0558	+41.5945	 448	  42	 10	6	
317.8213	+59.7057	 449	 150	110	5	C 190
340.5558	+42.2620	 450	 290	 90	6	
323.6320	+57.4735	 451	  12	  4	2	IC 1396B
323.8843	+57.3909	 452	  14	  2	2	IC 1396A
318.8211	+60.2089	 453	 100	 13	4	
341.8124	+41.7640	 454	 180	120	6	
324.8872	+57.7271	 455	 150	130	4	
324.8814	+58.3104	 456	  10	  3	2	
326.1419	+58.0639	 457	  90	 40	3	
343.5700	+41.5999	 458	  80	 30	5	
303.8395	+67.3215	 459	 160	120	6	
344.3239	+41.2676	 460	  35	 20	4	
343.3151	+43.0995	 461	  60	 15	5	
343.8185	+42.6002	 462	  30	 20	4	
344.5741	+41.6012	 463	  50	 25	5	
292.9411	+69.9419	 464	  70	 15	6	
290.9183	+70.2662	 465	  90	 10	6	
352.8712	+28.6093	 466	  20	  5	6	
350.6096	+33.7743	 467	  15	  5	5	
310.6239	+67.8476	 468	  60	 50	6	
294.4096	+70.9485	 469	  60	 20	6	
351.6143	+32.2751	 470	 240	120	5	
334.7133	+56.0845	 471	  30	 20	2	
320.0102	+64.8795	 472	  30	 15	4	DG 174
334.9660	+55.9183	 473	  80	 70	4	S 132
331.9273	+58.4117	 474	  45	 10	5	
313.9118	+67.3594	 475	 150	 50	6	
322.0343	+64.3856	 476	  80	 20	5	S 133
347.0842	+41.7709	 477	  40	 20	4	
346.0764	+43.4364	 478	  30	 30	5	
333.1900	+57.9145	 479	  45	 20	4	
350.6077	+35.2743	 480	  90	 20	5	
292.3697	+71.6062	 481	  80	  8	6	
331.1603	+59.7433	 482	  20	 10	5	
312.8832	+68.1891	 483	  20	 10	6	
353.8735	+29.1099	 484	  60	 40	6	
333.1813	+58.9979	 485	  10	  5	4	
334.1900	+58.8167	 486	  20	  8	5	
315.4041	+68.1979	 487	  10	  8	1	NGC 7023
332.4149	+60.2462	 488	  23	 15	5	
334.1872	+59.1667	 489	   8	  2	3	
334.1865	+59.2500	 490	 190	150	6	S 134
334.4383	+59.2506	 491	  13	  5	3	
335.1983	+58.6688	 492	  22	 15	4	S 135
335.1977	+58.7522	 493	   5	  2	2	
332.4055	+61.2462	 494	 100	 50	6	
318.9293	+68.4595	 495	  12	  8	5	DG 172
333.6637	+61.4156	 496	   4	  4	5	DG 180
325.5367	+66.0624	 497	   2	  2	1	NGC 7129
329.0902	+64.5717	 498	 120	 60	5	S 137
350.8504	+41.6078	 499	  20	 20	5	
333.6471	+63.0823	 500	   7	  5	3	
339.7329	+58.4273	 501	  25	 15	5	
339.9860	+58.2277	 502	  10	  7	4	S 139
352.3586	+40.0256	 503	  30	  4	5	
324.2365	+68.1421	 504	   2	  2	2	C 194
334.6557	+63.0844	 505	  35	 25	5	S 140
341.2469	+57.9298	 506	  83	 60	5	
352.6088	+40.7758	 507	  60	 10	5	
335.6680	+62.7031	 508	   1	  1	5	DG 183
337.1906	+61.5894	 509	   5	  6	6	S 141
337.1899	+61.6728	 510	   3	  3	5	
341.7501	+58.0139	 511	  25	 20	1	NGC 7380
341.2357	+59.8298	 512	  10	  7	5	S 144
342.5007	+58.9317	 513	  50	 30	6	
342.4952	+59.8984	 514	   3	  2	3	S 146
325.1924	+70.5616	 515	  35	 20	6	
344.0143	+58.5172	 516	   2	  2	4	S 149
345.7837	+57.1028	 517	  30	 23	5	S 151
344.7689	+58.7515	 518	   5	  5	4	S 153
344.7687	+58.7848	 519	   2	  2	4	S 152
337.9148	+65.0908	 520	  35	  5	4	S 150
342.7389	+61.2654	 521	  55	 20	4	S 154
341.7237	+62.2639	 522	 540	 90	5	
337.9109	+65.4575	 523	  15	 10	5	DG 186
343.2374	+62.1828	 524	   4	  3	4	DG 188
002.1441	+21.1115	 525	  30	 18	6	
338.4016	+66.7584	 526	  50	 20	6	
343.9913	+62.6005	 527	  14	  5	2	
331.2552	+70.9103	 528	 120	 20	6	
344.2446	+62.4342	 529	  50	 30	4	S 155
002.6449	+20.6114	 530	  25	 12	6	
333.2928	+70.2649	 531	  10	  3	3	DG 179
337.1073	+69.0893	 532	  20	 20	6	
348.5442	+59.7725	 533	  27	 10	2	
355.1121	+48.7771	 534	  90	 10	3	DG 191
330.1930	+72.9079	 535	 155	 30	6	
348.7962	+59.7727	 536	  80	 40	4	
348.7956	+59.9394	 537	   3	  3	1	S 157
335.0504	+71.0020	 538	  10	  4	5	
338.8778	+69.0926	 539	   2	  2	1	
349.0464	+60.2729	 540	  60	 10	3	
332.2214	+72.8793	 541	   5	  3	4	DG 177
348.5372	+61.4891	 542	   8	  7	1	NGC 7538
349.0431	+61.1063	 543	   7	  7	4	S 158
349.5493	+60.6067	 544	  20	  3	4	
318.5988	+77.0423	 545	   5	  5	5	
332.2080	+73.3793	 546	  10	  5	3	DG 178
349.2926	+61.7732	 547	  90	 50	4	S 161
350.0514	+61.1905	 548	  15	  8	1	NGC 7635
350.0514	+61.1905	 549	  30	 25	3	
314.7048	+78.1963	 550	 140	 30	5	
348.0172	+64.6053	 551	 100	 15	5	S 160
314.4154	+78.6120	 552	  35	 10	5	
324.9583	+76.9446	 553	   5	  5	5	
354.5985	+56.9602	 554	   5	  5	4	S 164
314.6158	+79.1961	 555	 145	 40	6	
005.3996	+19.9439	 556	  60	 10	6	
353.3308	+60.7762	 557	  18	 10	4	S 163
335.1997	+75.2524	 558	 135	 30	6	
359.1340	+49.6116	 559	  15	 10	5	
359.3854	+49.7782	 560	 140	 60	6	
359.8884	+48.4783	 561	  15	  5	4	
357.6222	+54.9446	 562	 110	 20	6	
359.3852	+50.6949	 563	  60	 10	4	
000.3911	+48.6116	 564	  70	 15	4	
354.8414	+61.9270	 565	   8	  8	4	S 165
355.6000	+60.9107	 566	  10	 10	6	S 166
335.0864	+78.1690	 567	  27	 15	6	
358.1221	+60.4447	 568	   5	  5	3	S 168
328.0329	+80.4030	 569	  70	 60	6	
007.4020	+18.4429	 570	  80	 20	6	
358.3742	+60.4781	 571	   5	  5	2	
295.9378	+83.6251	 572	 180	 25	6	
348.4452	+73.9391	 573	  30	 20	5	
007.9025	+17.9426	 574	  40	 10	6	
350.4766	+74.1076	 575	  40	 15	6	
359.6345	+62.2782	 576	  30	  2	5	
000.3915	+64.6616	 577	  20	 20	4	S 170
002.6593	+58.7780	 578	   5	  5	1	
308.2112	+85.0089	 579	  80	 40	6	
000.1386	+67.4449	 580	  10	  4	3	
000.3916	+67.1949	 581	  20	 10	2	C 214
000.6445	+67.2783	 582	 180	150	5	
000.6445	+67.2783	 583	 120	 90	6	
000.8972	+66.9449	 584	  35	 35	4	
001.6549	+65.6282	 585	   1	  1	6	DG   2
000.8974	+67.4449	 586	  35	 10	3	
000.6447	+68.6116	 587	  95	 20	4	
001.4030	+67.1115	 588	  25	 20	2	
000.8978	+68.6116	 589	  20	  4	3	NGC 7822
000.8968	+65.6116	 590	   2	  2	5	DG   3
005.1800	+59.2773	 591	   6	  4	3	
005.1842	+61.7773	 592	  20	  5	3	
005.6887	+61.7771	 593	  25	 20	5	S 173
007.1909	+56.6930	 594	   2	  2	6	
007.4429	+56.7428	 595	   2	  2	6	
006.7052	+64.6099	 596	   1	  1	2	S 175
007.9477	+57.2758	 597	  12	  5	5	S 176
356.7864	+80.9444	 598	  15	 13	5	S 174
008.4492	+56.2755	 599	  60	 15	6	DG   4
009.6948	+50.2746	 600	   7	  5	4	
056.2860	+32.3227	 601	   2	  1	4	C 24
008.7480	+69.4420	 602	   2	  1	5	DG   5
010.7050	+52.2737	 603	  85	 50	6	
010.9864	+61.9402	 604	   5	  5	5	
011.4691	+55.7731	 605	 180	 70	6	
342.3634	+88.7672	 606	 140	 70	6	
011.7278	+57.9395	 607	  60	 30	4	
012.2117	+51.2723	 608	  10	  3	4	
012.2110	+51.0223	 609	  20	 20	4	
012.2239	+55.6057	 610	   7	  2	5	DG   7
012.2293	+57.2723	 611	  10	  3	4	
012.4616	+50.6888	 612	  13	  3	4	
012.4619	+50.7721	 613	   3	  2	4	
012.7695	+65.2718	 614	  15	  8	6	S 181
012.9819	+56.4382	 615	  23	 10	4	
013.2342	+56.6046	 616	  35	 30	1	NGC  281
016.7679	+86.2676	 617	 450	300	6	S 178
013.5304	+65.7710	 618	  45	 20	6	
013.4340	+34.6044	 619	 110	 20	6	
014.2610	+61.1035	 620	  10	  5	2	IC   59
014.2409	+56.4868	 621	   2	  2	5	DG   6
014.7644	+60.9362	 622	  10	  3	1	IC   63
014.7644	+60.9362	 623	 120	 25	6	S 185
016.9048	+73.5169	 624	   6	  3	4	
015.2695	+61.1023	 625	  60	 20	4	
020.9618	+73.2607	 626	 150	 30	6	
166.3386	+84.2304	 627	 280	150	6	
066.6412	+85.9529	 628	  13	 10	5	
163.8892	+83.7336	 629	  75	 30	5	
020.8211	+61.8441	 630	   3	  2	5	S 187
059.6270	+85.1477	 631	  80	 30	6	
071.1464	+85.0983	 632	 105	 30	6	
022.5603	+58.3744	 633	  10	  3	1	S 188
036.2577	+75.3928	 634	  23	  8	5	
037.1814	+73.0567	 635	  10	 10	5	
037.4346	+73.0560	 636	   8	  3	5	DG   9
026.0657	+55.5842	 637	  35	 10	6	
026.3141	+55.0836	 638	  30	 10	6	
018.9169	+16.5971	 639	  25	  8	5	
027.3117	+53.7481	 640	  35	 25	6	
032.9270	+62.5681	 641	  35	 10	6	
035.1860	+61.8954	 642	  25	  5	6	
042.8729	+68.8724	 643	   3	  2	4	DG  10
020.6705	+17.2610	 644	 270	 20	6	
036.4463	+61.9752	 645	  12	 12	1	IC 1795
036.7014	+62.2245	 646	  13	  8	3	
036.9511	+62.0571	 647	  20	 10	2	
037.2051	+62.2230	 648	 120	 60	6	
035.4148	+59.9281	 649	   2	  2	6	
036.6929	+61.5578	 650	  35	 30	6	
053.8732	+73.1667	 651	 210	210	6	
042.5483	+65.5400	 652	  35	 20	6	
034.1134	+55.3982	 653	  10	  1	3	
038.4510	+61.2193	 654	  60	 60	3	IC 1805
038.4489	+61.0527	 655	  80	 30	5	
038.1909	+60.5534	 656	  55	 20	3	
038.1899	+60.4701	 657	  15	 10	2	
040.2130	+61.2140	 658	 100	 30	5	
039.1865	+59.6338	 659	   2	  2	4	
041.9851	+61.9418	 660	   3	  3	5	S 193
041.9848	+61.9251	 661	   1	  1	5	S 192
041.9841	+61.8751	 662	   2	  2	5	
039.9407	+59.5815	 663	   1	  1	6	S 191
042.7441	+62.2060	 664	   6	  6	4	S 196
040.4436	+59.5632	 665	   2	  2	6	S 195
035.3336	+50.5615	 666	  24	  8	6	
042.7171	+60.2894	 667	  40	 10	2	IC 1848
035.3324	+50.3948	 668	 150	 60	6	
042.4580	+59.7069	 669	  10	 10	4	
042.7127	+59.9560	 670	  25	  5	2	
035.5825	+50.2275	 671	  22	  7	6	
043.4707	+60.2036	 672	 120	 60	3	
043.9783	+60.5352	 673	  25	  7	2	
047.7863	+62.7721	 674	   8	  8	6	S 200
045.7376	+60.4293	 675	   4	  4	4	IC 1871
048.7616	+60.8519	 676	  20	  4	4	
048.4930	+59.6862	 677	 240	120	6	S 202
051.0350	+61.5103	 678	   3	  2	4	DG  13
046.6954	+56.6925	 679	 105	 10	5	
048.9616	+57.1011	 680	  10	  5	5	DG  12
052.5168	+59.8379	 681	  20	  8	4	
052.2508	+58.8389	 682	  35	 20	4	DG  17
138.6773	+70.7929	 683	 300	 30	6	
052.9998	+58.5027	 684	  40	 20	6	
049.9382	+54.6808	 685	  90	 70	6	S 203
049.4291	+54.0494	 686	   5	  3	5	
081.8052	+67.5428	 687	  50	 30	6	
031.1929	+20.2389	 688	  60	 30	5	DG   8
058.7584	+57.3131	 689	  30	 10	5	S 204
083.7765	+66.5332	 690	  80	 20	6	
144.2582	+65.7756	 691	 180	120	6	
134.1193	+67.0582	 692	  20	 10	5	
084.2341	+65.0309	 693	  90	 35	6	
039.2496	+32.0500	 694	  90	 15	6	
135.5979	+66.6364	 695	 110	 40	6	
058.2056	+53.3152	 696	  43	 25	5	
063.7706	+56.8752	 697	   5	  5	6	
099.2881	+66.9582	 698	 105	 15	5	
084.4541	+63.8631	 699	  30	 10	6	
086.7186	+64.3522	 700	  45	 15	6	
059.7069	+52.9757	 701	 100	 80	5	S 205
101.2639	+66.2820	 702	  70	 50	6	
034.4447	+19.2305	 703	 420	120	6	
060.6916	+51.3215	 704	   6	  9	1	NGC 1491
060.9422	+51.3038	 705	  25	 25	3	
060.9386	+50.9705	 706	  45	 10	4	S 206
035.9484	+19.7263	 707	  50	 20	5	
064.9747	+53.1198	 708	   7	  5	3	S 207
060.9299	+50.1372	 709	  45	 20	6	
062.6963	+51.2130	 710	   7	  7	3	
037.1996	+19.5560	 711	  30	 10	5	
067.4751	+52.6088	 712	  20	 20	5	S 210
056.3639	+44.1559	 713	 160	 80	6	
056.3587	+43.4892	 714	  60	 30	6	
035.1767	+12.8951	 715	  60	  8	6	
051.5525	+36.8412	 716	  10	  8	5	
069.2086	+50.8509	 717	   2	  2	2	S 211
052.8104	+37.6698	 718	 210	 30	6	
052.8099	+37.5864	 719	  35	 30	5	
053.5631	+37.8335	 720	  70	 25	5	
053.8147	+37.9992	 721	  12	 10	5	DG  19
070.2060	+50.4297	 722	   5	  5	1	NGC 1624
121.8273	+61.3555	 723	  55	 12	6	
060.8736	+43.9706	 724	  40	  8	6	
047.7570	+29.6885	 725	 180	 60	6	
048.2603	+30.1867	 726	 360	330	6	
121.5637	+60.5232	 727	  43	 10	5	
126.7859	+60.3354	 728	  25	 10	6	
125.5408	+60.2570	 729	  32	  6	6	
036.6746	+11.7242	 730	 180	 12	6	
065.1413	+44.9523	 731	   1	  1	6	S 213
122.0530	+60.0212	 732	  25	  5	6	
121.7986	+59.6889	 733	  35	  7	6	
051.5239	+31.6746	 734	  10	  2	4	DG  14
065.3867	+44.3679	 735	   4	  4	6	S 214
060.8479	+40.6374	 736	 210	120	6	
072.1894	+48.5539	 737	   1	  1	3	DG  45
057.0632	+36.6530	 738	 300	120	6	
076.9665	+50.3317	 739	   8	  5	5	
051.7704	+30.9070	 740	  20	 10	5	
052.2738	+31.3884	 741	   9	  7	3	NGC 1333
071.1695	+46.7586	 742	  55	 30	5	
043.9609	+20.2015	 743	 140	 70	5	
071.4199	+46.7574	 744	  50	 15	4	S 216
074.6878	+48.0090	 745	   9	  9	3	S 217
052.2658	+29.8385	 746	  10	 10	4	DG  16
073.9303	+47.3959	 747	   2	  2	3	S 219
057.8073	+35.4833	 748	  40	 30	4	
054.7825	+32.1620	 749	 150	 60	6	
087.2528	+52.5158	 750	  90	 20	6	S 218
085.9959	+52.0218	 751	 160	 20	6	
060.3215	+36.9729	 752	 300	 60	4	
043.9534	+18.2015	 753	 100	 60	6	
073.9205	+46.4125	 754	  60	 15	6	S 221
072.9126	+45.7505	 755	  12	  6	6	
060.3193	+36.6395	 756	 160	 40	1	NGC 1499
058.0497	+34.1489	 757	  45	 15	6	
056.0346	+32.1404	 758	  10	 10	2	IC  348
076.4222	+46.2342	 759	  90	 30	6	
091.7488	+52.1606	 760	  25	 15	6	
054.7665	+29.1621	 761	 140	 30	6	
044.9508	+17.1982	 762	  30	 30	5	
048.2148	+19.8534	 763	  25	 12	6	
089.7184	+49.6704	 764	  40	 10	6	
089.7107	+49.0037	 765	  50	 20	6	
067.8231	+35.4402	 766	   3	  3	4	
067.8231	+35.4402	 767	   3	  3	4	NGC 1579
079.3868	+42.0534	 768	  70	 10	4	S 223
081.8974	+43.0414	 769	  20	  3	5	S 224
056.4939	+24.1551	 770	  90	 90	3	
056.4939	+24.1551	 771	  60	 40	1	NGC 1432
056.4939	+24.1551	 772	 180	180	5	
055.7359	+22.6582	 773	 150	120	6	DG  20
058.7532	+25.4793	 774	 180	 30	3	
060.7616	+26.6375	 775	  50	 20	6	
058.2459	+24.1480	 776	 200	 60	6	
061.2609	+26.3854	 777	  20	 18	4	DG  26
081.6257	+40.5426	 778	  10	  3	5	S 225
060.2532	+25.1397	 779	 150	 60	6	
077.8528	+38.0272	 780	   2	  2	3	S 226
079.8610	+38.8844	 781	  30	 20	5	S 227
064.7749	+28.2036	 782	  15	 10	5	IC  359
078.3484	+37.3915	 783	  10	  8	5	
078.3484	+37.3915	 784	   2	  2	1	S 228
065.5271	+28.4503	 785	   5	  5	4	DG  30
063.2591	+25.6269	 786	 180	100	4	IC  360
080.8439	+36.5463	 787	 180	 20	6	
066.7652	+26.0948	 788	   5	  2	4	C 33
084.6032	+37.5282	 789	 120	 30	6	
119.4042	+47.1986	 790	  30	 10	6	
078.5745	+34.0571	 791	 100	 30	3	
072.0416	+29.7876	 792	  10	  6	4	
067.7690	+26.6070	 793	 360	120	6	
081.3368	+35.5439	 794	  55	 10	3	
079.3273	+34.3868	 795	  50	 30	2	IC  405
079.5752	+34.0523	 796	 240	240	4	
083.8428	+36.1985	 797	  60	 10	6	
074.7986	+30.5582	 798	   8	  5	4	DG  48
065.7509	+23.6160	 799	 140	 10	5	
067.0074	+24.6104	 800	 300	 30	6	
121.3915	+46.3569	 801	  90	 20	4	
084.5906	+35.8616	 802	   2	  2	3	S 233
084.8407	+35.8604	 803	  12	 10	4	
082.0788	+34.3737	 804	  13	 10	2	IC  417
085.5934	+36.1901	 805	  40	 40	4	S 232
069.5182	+26.1825	 806	   4	  2	5	DG  42
080.5711	+33.3809	 807	  40	 30	2	IC  410
085.3409	+35.8580	 808	  10	  5	2	S 231
076.8019	+30.8321	 809	   2	  2	5	DG  50
082.8280	+34.2034	 810	   4	  4	1	NGC 1931
119.6387	+45.5309	 811	  60	 10	4	
068.0067	+24.3226	 812	   4	  4	5	DG  37
070.0162	+25.7469	 813	   4	  4	3	IC 2087
066.7483	+22.9449	 814	  10	  6	2	C 34
069.0070	+24.2348	 815	   1	  1	5	DG  40
068.2495	+22.9382	 816	 130	 30	6	
065.4803	+19.6171	 817	   7	  7	2	NGC 1554
084.8049	+30.6938	 818	  22	 10	5	DG  66
066.9772	+18.7771	 819	 150	 20	6	
042.3779	 -3.7933	 820	  40	  8	6	
067.7244	+18.1071	 821	   6	  3	3	S 239
084.7880	+28.0272	 822	 200	180	3	S 240
091.0545	+30.4968	 823	   4	  4	2	C 61
091.0529	+30.2468	 824	   2	  2	2	DG  85
091.0524	+30.1635	 825	  10	 10	5	
087.7823	+27.0127	 826	   7	  7	3	S 242
088.0323	+27.0115	 827	  10	 10	3	DG  84
063.4350	+10.2093	 828	   5	  5	3	DG  28
059.9183	 +6.6409	 829	  22	 10	4	
084.7602	+23.3606	 830	   8	  5	5	S 243
063.9289	 +8.7905	 831	  30	 15	6	
063.9289	 +8.7905	 832	   6	  3	4	
083.7524	+22.0321	 833	   8	  4	1	NGC 1952
063.9259	 +8.1238	 834	 140	 25	6	
059.9112	 +4.9743	 835	  20	  7	4	
060.4064	 +3.8055	 836	  80	 12	4	
085.2433	+20.3415	 837	   3	  3	5	
075.4579	+14.0716	 838	  90	 30	6	S 246
060.6536	 +3.1378	 839	 600	 30	5	S 245
094.7601	+23.2787	 840	   8	  4	3	IC  444
095.2611	+23.4763	 841	  50	 40	5	S 249
068.1725	 +7.1050	 842	 270	120	6	
092.2507	+21.5909	 843	  10	 10	3	S 247
094.2556	+22.4812	 844	  50	 40	0	IC  443
095.7582	+22.9739	 845	  40	 30	4	DG 101
069.9236	 +7.2638	 846	  10	  4	5	S 250
070.1745	 +7.4293	 847	  25	  5	6	
078.7035	+13.0229	 848	   2	  2	5	
068.1672	 +5.9384	 849	  10	  2	5	S 251
079.4555	+13.3860	 850	   5	  3	2	
079.4555	+13.3860	 851	  15	  8	5	
068.4172	 +5.9372	 852	  10	 10	6	
060.1409	 +0.1399	 853	 930	120	6	
092.4946	+20.4897	 854	  40	 30	1	NGC 2175
091.9848	+18.6921	 855	   3	  2	2	C 62
048.1068	 -9.2297	 856	  15	 15	4	
080.4457	+11.3812	 857	  70	 10	5	
092.9811	+18.0206	 858	  10	 10	5	S 254
093.2309	+17.9861	 859	   4	  4	2	IC 2162
073.9157	 +5.4120	 860	  40	  4	5	S 260
059.8741	 -3.8590	 861	  90	 15	5	
092.2195	+15.8243	 862	  30	 15	3	
092.2192	+15.7743	 863	  42	 30	4	S 261
092.2186	+15.6576	 864	  30	 10	3	
083.1894	+10.0347	 865	 270	240	4	C 54
080.4309	 +8.3812	 866	   3	  3	2	C 44
080.4309	 +8.3812	 867	  20	 20	4	S 263
076.6692	 +6.0658	 868	  30	  5	5	S 262
079.6780	 +7.8015	 869	  40	  5	4	S 265
052.1044	 -9.3279	 870	  65	  2	5	
079.6747	 +7.1348	 871	  30	  5	4	
079.4239	 +6.9694	 872	  40	  5	4	
092.4608	+14.1564	 873	  30	 12	5	S 268
092.7086	+13.7386	 874	  30	 12	5	S 268
093.9614	+14.2825	 875	   8	  5	5	S 267
093.7091	+13.8337	 876	   3	  2	2	S 269
092.4539	+12.8231	 877	   1	  1	5	S 270
086.1855	 +9.1868	 878	  30	  5	4	
086.4348	 +9.0523	 879	   3	  2	1	C 59
079.9133	 +4.7670	 880	  40	  3	4	
080.6647	 +5.0467	 881	  45	 15	4	
080.1631	 +4.7158	 882	  40	  6	4	
079.4106	 +4.2194	 883	  40	  5	4	
079.9107	 +4.2170	 884	  50	  5	4	
082.6640	 +4.8705	 885	  70	 10	4	
082.6631	 +4.6705	 886	   3	  2	2	
096.6993	+11.9692	 887	 130	 35	6	
082.1592	 +3.8729	 888	  55	 10	4	
097.7009	+12.2977	 889	  55	 20	5	
080.6543	 +2.8801	 890	 120	 30	3	
107.9707	+16.7491	 891	 120	120	6	
082.6576	 +3.5372	 892	  30	  8	5	
068.1183	 -4.8949	 893	  60	 30	6	
084.6609	 +4.1942	 894	  20	  4	3	DG  70
097.6942	+10.9644	 895	 120	 40	6	
066.8625	 -6.2226	 896	  40	 10	5	
067.8646	 -5.7271	 897	  25	  8	5	
097.6916	+10.4478	 898	   5	  4	3	IC  446
099.1940	+10.9572	 899	  30	 15	4	
068.6140	 -5.8304	 900	  26	  8	5	
098.1910	+10.3453	 901	   2	  2	1	NGC 2247
099.1931	+10.7905	 902	   9	  4	2	
097.6894	+10.0144	 903	  25	 20	3	IC 2169
098.1901	+10.1620	 904	   2	  2	1	NGC 2245
087.6625	 +4.5130	 905	  80	 60	6	
070.3656	 -5.4051	 906	  40	 30	4	
078.3836	 -1.4424	 907	  10	  8	3	
090.1650	 +5.0008	 908	 240	 90	6	
070.1122	 -6.1539	 909	  35	 10	4	
077.6305	 -2.1055	 910	  45	 10	3	
100.1886	 +9.9024	 911	  10	  7	1	NGC 2264
100.1876	 +9.7024	 912	  45	 25	2	
083.3873	 -0.6664	 913	   2	  2	2	IC  423
083.6383	 -0.4676	 914	   2	  2	2	DG  59
078.8804	 -2.1115	 915	  60	 20	3	
076.6246	 -3.3508	 916	   2	  2	1	NGC 1788
071.8631	 -5.9119	 917	  70	 30	3	
083.1407	 +0.0348	 918	1560	600	6	
079.8820	 -1.7829	 919	  50	 15	3	
099.6828	 +8.7215	 920	   2	  1	1	NGC 2261
084.1387	 -0.3867	 921	  10	  3	2	IC  426
100.1839	 +8.9524	 922	 180	 60	4	
076.1219	 -3.9318	 923	 120	 60	5	
085.1370	 -0.7249	 924	  15	 10	4	
085.1374	 -0.6415	 925	   2	  2	3	DG  71
102.9386	 +9.9893	 926	  10	  5	5	
085.1378	 -0.5749	 927	   2	  2	3	DG  73
084.6399	 -0.1391	 928	  15	 10	3	DG  67
099.4291	 +7.9560	 929	 540	120	5	
098.4260	 +7.2942	 930	  30	 20	4	
098.4260	 +7.2942	 931	  15	 10	3	IC  448
097.9244	 +6.9633	 932	  55	 10	4	
086.8955	 +1.0166	 933	 420	 30	3	DG  82
086.8955	 +1.0166	 934	 140	 15	2	
083.6351	 -1.1343	 935	  15	  5	3	
098.4227	 +6.6275	 936	  11	  5	3	
079.6240	 -3.4484	 937	 200	 80	4	
086.8916	 +0.2167	 938	   7	  5	2	NGC 2071
086.6407	 +0.0179	 939	  10	 10	1	NGC 2064
083.6326	 -1.6343	 940	  50	 10	3	NGC 1990
097.9191	 +5.8799	 941	  18	  8	3	
080.1224	 -3.7841	 942	 100	 10	3	
098.4179	 +5.6275	 943	  30	  9	3	
085.1332	 -1.5248	 944	   8	  5	1	IC  431
078.8669	 -4.9448	 945	  90	 60	3	
085.3830	 -1.5594	 946	  10	 10	1	IC  432
101.1724	 +6.6143	 947	  60	 10	4	
098.1646	 +4.9621	 948	  80	 60	1	NGC 2238
098.1646	 +4.9621	 949	  18	 18	3	
084.3794	 -2.3045	 950	  70	 60	3	
099.1654	 +5.1239	 951	  15	  3	3	
100.1669	 +5.4525	 952	 200	 90	4	
085.3794	 -2.3094	 953	  90	 30	1	IC  434
085.3794	 -2.3094	 954	  10	  8	1	NGC 2023
088.6358	 -0.9918	 955	  40	 10	2	
080.1144	 -5.4507	 956	  50	  5	4	S 278
080.3643	 -5.4519	 957	   8	  8	3	
084.8753	 -3.1403	 958	  60	 30	3	
075.6029	 -7.9294	 959	 180	 60	3	IC 2118
079.8620	 -5.9495	 960	  30	 20	3	
080.8643	 -5.4543	 961	  30	 10	3	
085.3753	 -3.1427	 962	  50	  6	2	
083.1190	 -4.4651	 963	   8	  5	5	DG  56
080.6127	 -5.7865	 964	 110	 60	4	
084.8729	 -3.6403	 965	   8	  3	3	
088.8825	 -1.6597	 966	  90	 50	5	
084.8713	 -3.9736	 967	  15	 10	3	
075.3482	 -8.9282	 968	  20	 12	4	DG  49
081.1110	 -6.1222	 969	  15	 15	3	
098.6533	 +2.6264	 970	  40	 40	4	S 280
098.6533	 +2.6264	 971	  25	 20	3	
098.6533	 +2.6264	 972	  10	  3	2	
098.6533	 +2.6264	 973	  20	  2	2	
083.8641	 -5.4688	 974	  90	 60	1	NGC 1976
074.8435	 -9.9258	 975	 120	 30	5	
089.3760	 -2.9954	 976	 160	 40	3	
084.3616	 -5.9712	 977	 240	180	3	NGC 1980
099.6485	 +1.6216	 978	  40	 15	3	S 282
084.1078	 -6.7366	 979	   2	  2	1	NGC 1999
076.5882	-10.9340	 980	  50	 12	6	
068.8239	-14.3981	 981	 120	 16	6	
088.3638	 -5.4906	 982	  50	 10	3	
100.8929	 +0.4489	 983	  60	 50	6	S 284
101.1421	 +0.2811	 984	  40	 30	5	
089.1122	 -5.8275	 985	  60	 20	3	
101.3921	 +0.2799	 986	  20	  5	3	
101.1413	 +0.1144	 987	  20	  8	4	
088.1089	 -6.4893	 988	 180	 60	4	
086.8549	 -7.3166	 989	  60	 10	4	
092.1148	 -5.3088	 990	  10	  3	3	DG  91
077.8305	-12.4399	 991	  70	  5	5	
085.0947	 -9.3914	 992	  10	  5	5	DG  75
092.1104	 -6.2088	 993	   3	  3	2	C 65
091.8595	 -6.3909	 994	   2	  2	1	NGC 2170
092.1097	 -6.3421	 995	   3	  2	2	C 66
092.6105	 -6.1779	 996	   2	  2	3	NGC 2183
092.6104	 -6.2112	 997	   2	  2	3	NGC 2185
092.3597	 -6.3433	 998	   3	  2	1	NGC 2182
092.1089	 -6.5088	 999	  15	 10	3	DG  92
092.8607	 -6.1457	1000	   2	  2	3	C 71
083.0870	-10.9651	1001	  80	 20	5	
084.5902	-10.3057	1002	  50	 15	5	
093.6101	 -6.2660	1003	   1	  1	4	DG  97
093.8600	 -6.3006	1004	   1	  1	4	DG  98
082.5821	-11.9626	1005	  60	 30	5	
083.3303	-12.2996	1006	  50	 10	5	
084.8326	-11.8068	1007	  30	 15	5	
091.0928	 -9.7539	1008	   3	  2	1	
086.0791	-12.4795	1009	  35	 25	5	
085.5766	-12.9771	1010	 200	 10	5	
091.3365	-11.0051	1011	 240	120	6	
104.8684	 -4.7366	1012	  12	 12	5	S 287
107.1210	 -4.2472	1013	   1	  1	1	S 288
101.6056	 -7.3379	1014	   8	  4	4	S 289
097.5938	 -9.6353	1015	   5	  3	3	DG 104
089.5729	-13.6632	1016	  68	 35	6	
096.3391	-10.5626	1017	   5	  3	4	
093.5815	-12.0160	1018	  43	 15	5	
089.5704	-14.1632	1019	   3	  2	4	
103.8532	 -7.8985	1020	  11	  7	5	S 291
104.8542	 -7.7366	1021	   2	  2	3	
104.1017	 -8.2331	1022	  22	 15	3	DG 113
105.0989	 -8.8544	1023	   3	  3	2	DG 114
107.6038	 -7.9161	1024	  90	 20	6	
091.3108	-16.0050	1025	 140	 90	5	
109.1002	 -8.7564	1026	 140	 10	5	
106.0916	-10.4091	1027	  20	 20	1	IC 2177
109.0987	 -9.0897	1028	  70	 10	5	
110.3521	 -8.4288	1029	  40	  5	5	
105.5874	-11.2401	1030	  20	 10	4	S 293
111.1023	 -8.4322	1031	  40	  8	5	
109.0967	 -9.5064	1032	   7	  8	2	S 294
106.5885	-11.0781	1033	 150	 20	4	S 296
107.5911	-10.5827	1034	 120	 60	5	
105.8363	-11.4912	1035	  15	 10	4	S 295
109.0916	-10.5897	1036	  60	 30	4	
106.3336	-12.0769	1037	 150	 20	2	DG 116
107.0850	-11.8304	1038	  15	 15	4	
106.3327	-12.2602	1039	  10	 10	1	C 90
109.5797	-13.0919	1040	  20	 20	3	IC  468
109.5796	-13.1253	1041	  10	  5	2	NGC 2359
106.3120	-16.4102	1042	   7	  5	4	
107.3022	-18.4148	1043	  20	 10	5	
107.5521	-18.4660	1044	  10	  9	1	
111.3134	-16.5999	1045	   8	  4	6	
113.0624	-17.0078	1046	  20	 20	3	S 302
103.7774	-22.7317	1047	  60	  5	4	S 303
112.5542	-18.5888	1048	   3	  3	2	S 305
101.2688	-24.0531	1049	 180	 30	5	S 304
112.5514	-19.1555	1050	  30	 30	5	S 306
113.8041	-18.7778	1051	   4	  4	3	S 307
103.5217	-23.7305	1052	  20	  4	5	S 308
113.0501	-19.4744	1053	  10	 10	4	S 309
109.7852	-21.9263	1054	  60	 20	4	
107.5275	-23.0826	1055	 150	 20	6	
106.2703	-24.2434	1056	  70	  8	6	
112.2861	-22.1043	1057	  33	  5	4	
110.0243	-23.9941	1058	  10	  5	3	C 96
110.7743	-24.0975	1059	 300	 90	5	S 310
111.7723	-24.6021	1060	 180	 20	4	
113.2771	-23.9422	1061	  20	  8	4	
114.0206	-25.2788	1062	  10	 10	3	C 101
111.5024	-28.1009	1063	  90	  5	5	
111.2463	-29.0997	1064	 180	 40	6	
118.0183	-26.4630	1065	   8	  7	1	NGC 2467
118.0183	-26.4630	1066	  10	 10	2	
118.2686	-26.4641	1067	  50	 30	3	S 311
109.4840	-30.8417	1068	 110	 15	5	
147.3717	 -7.2336	1069	  45	 20	6	
111.4834	-31.2675	1070	 130	 25	5	
130.0531	-22.3448	1071	  80	  5	4	
116.2339	-32.1220	1072	 120	 20	5	
130.0427	-24.6781	1073	  50	  8	4	
131.0464	-24.1818	1074	  70	 10	4	
131.7982	-24.0179	1075	  60	 10	4	
132.5456	-24.8539	1076	  70	 10	4	
134.2969	-25.1934	1077	 840	 90	5	S 312
135.0438	-26.1960	1078	 210	 20	4	
132.5291	-28.5206	1079	  15	 10	5	
133.2812	-28.3566	1080	  10	  5	5	
133.5324	-28.1908	1081	  80	 10	6	
136.7862	-28.7020	1082	 360	 60	6	
138.0407	-28.2061	1083	 300	 20	4	
136.7773	-30.7020	1084	 120	 60	5	
141.2978	-28.0497	1085	  20	  6	4	
139.0299	-31.2093	1086	  60	 45	5	
141.2911	-29.7164	1087	  75	 30	6	
142.5378	-31.2202	1088	 180	 20	5	
149.3108	-29.2387	1089	 150	 25	5	
150.3033	-32.2411	1090	 140	 30	5	
229.7616	-29.8479	1091	  90	 75	6	
238.2553	-25.9814	1092	 130	 30	5	DG 125
239.0062	-25.9783	1093	  90	 10	4	S 1
240.0100	-26.4741	1094	  50	 15	4	DG 130
240.0057	-25.6408	1095	  60	 60	4	
243.0215	-27.9280	1096	  12	 10	6	IC 4591
238.2428	-23.4814	1097	  70	 20	5	
238.7425	-23.3127	1098	  40	 10	5	
240.2433	-23.1397	1099	 130	100	4	S 7
247.2782	-28.2759	1100	  30	 10	4	
245.0111	-25.6193	1101	  17	  3	2	S 9
247.5246	-27.6082	1102	  80	 10	4	
248.2782	-28.1048	1103	 240	180	5	
245.2613	-25.6182	1104	  60	 50	3	C 130
245.0093	-25.2859	1105	  12	  4	2	
245.2595	-25.2848	1106	  20	  4	2	
247.2687	-26.6093	1107	  60	 40	1	IC 4606
247.2678	-26.4426	1108	 180	120	4	DG 141
246.5062	-24.4460	1109	  20	  5	2	IC 4603
247.7609	-25.1071	1110	  30	 15	3	IC 4605
246.5009	-23.4460	1111	  60	 25	3	IC 4604
246.5009	-23.4460	1112	  70	 70	4	
243.2272	-19.2936	1113	  60	 40	3	IC 4592
243.7276	-19.2915	1114	 220	 90	4	
245.2328	-20.1182	1115	  20	 10	3	C 129
263.3146	-32.2010	1116	 150	 90	4	S 12
264.0660	-32.3641	1117	  80	 30	3	
252.0105	-24.4211	1118	 300	 30	6	
246.4812	-19.6127	1119	 150	 60	5	
267.3101	-31.3484	1120	  23	 20	4	
267.5601	-31.3472	1121	  45	 35	6	S 15
235.1690	 -7.1603	1122	  60	 30	4	
249.2279	-18.6004	1123	 210	150	6	
266.5469	-29.3520	1124	  12	 12	3	S 16
266.7961	-29.2175	1125	   2	  2	5	S 18
