_RAJ2000	_DEJ2000	Barn	Diam
deg	deg	 	arcmin
--------	--------	----	-----
053.2392	+31.1592	  1 	 30.0
053.3803	+32.3245	  2 	 20.0
055.0080	+31.9754	  3 	 20.0
056.0100	+31.7988	  4 	
056.9711	+32.8893	  5 	 60.0
059.0974	+56.1202	  6 	
064.3540	+28.5618	  7 	
064.4619	+55.2469	  8 	
064.7371	+55.0606	  9 	
064.6718	+28.2750	 10 	  8.0
066.6552	+55.0396	 11 	
067.4474	+54.2474	 12 	 24.0
067.8254	+54.8933	 13 	 11.0
069.9959	+25.7490	 14 	  3.0
067.9831	+46.6236	 15 	 13.0
068.1084	+46.6056	 16 	
068.1273	+46.5220	 17 	
067.8054	+24.3568	 18 	 60.0
068.4162	+26.2668	 19 	 60.0
069.2687	+50.9765	 20 	 60.0
069.4900	+55.3582	 21 	 10.0
069.6661	+26.0527	 22 	120.0
070.1393	+29.8810	 23 	  5.0
070.7220	+29.7410	 24 	  8.0
073.0169	+46.0165	 25 	  8.0
073.6591	+30.6240	 26 	  5.0
073.7833	+30.5559	 27 	  5.0
073.9684	+30.6371	 28 	  4.0
076.5973	+31.5898	 29 	 10.0
082.5687	+12.7673	 30 	 67.0
083.0064	+12.7620	 31 	 30.0
083.0355	+12.4283	 32 	
085.2206	 -2.4658	 33 	  4.0
085.8777	+32.6457	 34 	 20.0
086.3777	 +9.0543	 35 	 15.0
087.4411	 +7.4247	 36 	120.0
098.2290	+10.4775	 37 	175.0
098.4239	+11.0752	 38 	 60.0
099.5102	+10.3287	 39 	
243.6617	-18.9686	 40 	 15.0
245.5735	-19.6312	 41 	 45.0
246.3735	-23.4393	 42 	
247.5790	-19.7757	 43 	
250.1401	-24.0805	 44 	
251.1878	-40.3368	 44a	  5.0
251.6095	-21.5969	 45 	120.0
254.3040	-22.7326	 46 	
254.9287	-22.6420	 47 	 15.0
255.4253	-40.6879	 48 	 40.0
255.6648	-33.2676	 49 	
255.7255	-34.3837	 50 	 15.0
256.1836	-22.2606	 51 	 20.0
256.5471	-33.5907	 53 	 60.0
256.6420	-34.2563	 54 	  5.0
256.8881	-32.0032	 55 	 16.0
257.2028	-32.0995	 56 	  3.0
257.0927	-22.8333	 57 	  5.0
257.8011	-40.4100	 58 	 30.0
257.8484	-27.4914	 59 	 60.0
257.9633	-22.4396	 60 	 13.0
258.7499	-20.4801	 61 	
259.0515	-20.8766	 62 	 19.0
259.1180	-21.4759	 63 	 60.0
259.3281	-18.4898	 64 	
259.9019	-26.7003	 65 	 12.0
259.9883	-26.8993	 66 	  8.0
260.2381	-26.8630	 67 	
260.6253	-21.8913	 67a	 13.0
260.6520	-23.7911	 68 	  4.0
260.7331	-23.9235	 69 	
260.8849	-24.0383	 70 	  4.0
260.7594	-24.0065	 71 	  1.0
260.8998	-23.6215	 72 	
261.0345	-24.2866	 73 	  1.0
261.2835	-24.2003	 74 	
261.3237	-22.0329	 75 	
261.4117	-24.4154	 76 	
262.1544	-23.8565	 77 	 60.0
263.1806	-25.5943	 78 	180.0
264.3468	-19.6130	 79 	 30.0
264.4281	-21.2789	 80 	  2.0
264.6365	-23.9266	 81 	
264.6552	-23.7763	 82 	
264.7444	-24.1753	 83 	  7.0
266.3282	-20.0058	 83a	  4.0
266.6067	-20.2524	 84 	
269.4058	-17.6683	 84a	 16.0
270.6050	-23.0208	 85 	
270.7565	-27.8694	 86 	  5.0
271.0444	-32.4997	 87 	
271.1459	-24.1144	 88 	  2.0
271.2495	-24.3631	 89 	  0.5
272.5588	-28.2809	 90 	  3.0
272.5315	-23.6975	 91 	  5.0
273.8968	-18.2305	 92 	 12.0
274.2237	-18.0598	 93 	  2.0
276.4735	-10.6653	 94 	 15.0
276.3997	-11.7496	 95 	 30.0
276.6023	-10.2971	 96 	
277.2725	 -9.9223	 97 	 60.0
278.3184	-26.0610	 98 	  3.0
278.3232	-21.4772	 99 	  7.0
278.1710	 -9.1447	100 	 16.0
278.1669	 -8.8114	101 	  8.0
279.4242	-13.7467	102 	  5.0
279.8571	 -6.6743	103 	  4.0
281.8310	 -4.5338	104 	 16.0
281.9347	 -6.9161	105 	  0.5
282.2083	 -5.0794	106 	  2.0
282.3783	 -5.0107	107 	  5.0
282.3939	 -6.3106	108 	  3.0
282.4007	 -7.5606	109 	  0.7
282.5340	 -4.7921	110 	 11.0
282.6610	 -4.9573	111 	120.0
282.7857	 -6.6726	112 	 18.0
282.8533	 -4.3216	113 	 16.0
283.2973	 -6.9499	114 	  6.0
283.3313	 -6.6661	115 	  6.0
283.3875	 -7.1822	116 	
283.4320	 -7.4150	117 	  1.0
283.4262	 -4.8482	117a	  7.0
283.4824	 -7.4477	118 	  2.0
283.6517	 -4.5455	119 	
283.6634	 -5.1788	119a	 30.0
283.7231	 -4.5947	120 	
283.8566	 -4.6098	121 	
284.2041	 -4.7557	122 	  4.0
284.4162	 -4.7198	123 	  1.5
284.4243	 -4.3530	124 	  3.0
284.5913	 -4.3844	125 	  9.0
284.7597	 -4.5324	126 	  8.0
285.3829	 -5.4418	127 	  4.5
285.4184	 -4.5747	128 	 10.0
285.5188	 -5.3069	129 	  5.0
285.4844	 -5.5740	130 	  7.0
285.5660	 -4.3729	131 	  3.0
286.1166	 -4.4331	132 	 16.0
286.5540	 -6.8949	133 	
286.7212	 -6.2429	134 	  6.0
286.8855	 -3.9241	135 	 13.0
287.2072	 -4.0037	136 	  8.0
289.0010	 -1.3327	137 	
289.0998	 +0.2185	138 	180.0
289.5019	 -1.4103	139 	
289.9547	 +5.2287	140 	 60.0
290.0472	 +1.8962	141 	 20.0
294.9223	+10.5184	142 	 40.0
295.3546	+11.0065	143 	 30.0
299.6725	+35.3383	144 	270.0
300.7057	+37.6827	145 	 45.0
300.8711	+36.0177	146 	
301.7099	+35.3763	147 	 11.0
311.9290	+59.6284	148 	  3.0
312.2577	+59.5314	149 	  2.0
312.6656	+60.3018	150 	 60.0
317.0571	+56.3224	151 	 60.0
318.6234	+61.7358	152 	  9.0
320.2638	+56.4482	153 	 60.0
320.3440	+56.6155	154 	  8.0
323.0355	+44.9684	155 	 13.0
323.4975	+45.5884	156 	  8.0
323.4233	+54.6718	157 	  5.0
324.3067	+43.4108	158 	  3.0
324.5951	+43.2296	159 	 25.0
324.4957	+56.2296	160 	 31.0
325.0925	+57.8173	161 	  3.0
325.2886	+56.3186	162 	 13.0
325.5421	+56.7037	163 	
326.6330	+51.0941	164 	 20.0
327.2340	+60.2154	165 	 18.0
327.7718	+60.0856	166 	  5.0
327.9927	+60.0703	167 	  5.0
328.3362	+47.2718	168 	 10.0
329.7205	+58.7645	169 	 60.0
329.5124	+58.9632	170 	 15.0
330.3285	+58.8682	171 	 91.0
331.8708	+59.6774	173 	  4.0
331.8333	+59.0771	174 	 19.0
333.5040	+69.9374	175 	 60.0
033.2503	+57.0891	201 	 10.0
051.4114	+30.2764	202 	 22.0
051.4595	+30.7760	203 	
052.1218	+30.1864	204 	 14.0
052.1335	+31.1030	205 	 15.0
052.2892	+30.1848	206 	  5.0
061.1476	+26.3459	207 	
062.8872	+25.1607	208 	
063.0969	+28.3253	209 	
063.8886	+25.0665	210 	
064.3018	+27.8123	211 	
064.8109	+25.3066	212 	
065.2941	+27.0514	213 	
065.4822	+28.5495	214 	  5.0
065.8935	+25.0447	215 	
065.9985	+26.6270	216 	
066.9105	+26.1169	217 	
067.0381	+26.2822	218 	 15.0
068.7147	+29.5970	219 	120.0
070.3751	+25.9947	220 	  7.0
071.0035	+31.7380	221 	 45.0
077.0993	+32.1673	222 	 10.0
080.3669	 +8.3266	223 	  8.0
080.9786	+10.6195	224 	 20.0
082.2415	+11.6044	225 	
084.1442	+33.7001	226 	 17.0
091.8494	+19.6554	227 	 12.0
236.2413	-34.5134	228 	240.0
244.4204	-27.3110	229 	 45.0
246.7909	-16.7842	230 	 60.0
249.6013	-35.4210	231 	 30.0
250.9352	-39.8230	232 	 10.0
251.1893	-35.4029	233 	 37.0
251.6107	-30.4810	234 	 18.0
251.7766	-44.4806	235 	  7.0
252.2268	-29.8072	236 	
252.2294	-29.9738	237 	 37.0
253.0909	-23.1300	238 	 13.0
253.7507	-31.1231	239 	 15.0
254.8236	-35.3610	240 	 20.0
254.8635	-30.1934	241 	 12.0
256.2771	-32.4271	242 	 19.0
257.4421	-29.5797	243 	 25.0
257.7162	-28.4097	244 	 25.0
257.9820	-29.4067	245 	  8.0
258.0081	-22.6558	246 	 15.0
258.2791	-30.2532	247 	  4.0
258.2676	-28.9866	248 	 10.0
258.2702	-29.1532	249 	 13.0
258.2586	-28.4033	250 	 15.0
258.4535	-20.1503	251 	 13.0
258.8273	-32.1469	252 	 20.0
258.8828	-22.5621	253 	 60.0
260.1217	-30.1313	254 	 40.0
260.1468	-23.4638	255 	  5.0
260.5517	-28.8261	256 	 50.0
260.6947	-35.6251	257 	 15.0
260.7412	-34.7244	258 	 40.0
260.5064	-19.2925	259 	 30.0
261.2040	-25.6180	260 	 10.0
261.2669	-23.0337	261 	 10.0
261.3861	-22.6156	262 	 30.0
261.7352	-42.7801	263 	 30.0
261.8033	-25.5275	264 	 10.0
261.9027	-25.1929	265 	 12.0
262.0301	-20.9410	266 	 30.0
262.1325	-25.2235	267 	  4.0
262.8582	-20.5144	268 	 75.0
263.0563	-22.7622	269 	 60.0
263.1792	-19.5938	270 	 11.0
263.5702	-34.2571	271 	120.0
264.3998	-23.4127	272 	 45.0
264.6221	-33.3443	273 	 15.0
264.5152	-22.7279	274 	 18.0
264.7465	-32.3261	275 	 13.0
264.9125	-19.8229	276 	 45.0
265.1871	-23.0699	277 	 18.0
265.6638	-32.3150	278 	 15.0
266.1387	-22.5583	279 	 60.0
266.2380	-20.7236	280 	 60.0
266.6972	-23.7183	281 	
267.1521	-23.4628	282 	 18.0
267.8171	-33.8724	283 	 75.0
267.5288	-14.3741	284 	 25.0
267.8846	-12.8697	285 	 15.0
268.2654	-35.6171	286 	 15.0
268.6120	-35.1962	287 	 30.0
269.2767	-37.0884	288 	  2.0
269.1534	-29.0224	289 	 25.0
269.8364	-37.1483	290 	  3.0
269.9309	-33.8967	291 	  5.0
270.1421	-33.3441	292 	 60.0
270.3028	-35.3424	293 	 18.0
270.3763	-28.6075	294 	  3.0
271.0220	-31.1665	295 	 50.0
271.0187	-24.5326	296 	  4.0
271.0872	-18.7480	297 	 75.0
271.2961	-30.0964	298 	  4.0
271.5852	-27.2927	299 	
271.7555	-32.6578	300 	
272.2116	-18.7010	301 	 30.0
272.3063	-23.9669	302 	 30.0
272.3692	-23.9995	303 	  1.0
273.3369	-18.7206	304 	
273.6574	-31.8013	305 	 13.0
273.9360	-25.7140	306 	  4.0
274.6597	-17.9545	307 	  6.0
274.7852	-22.2367	308 	  6.0
275.7856	-24.0247	309 	  5.0
277.5549	-18.5862	310 	  2.0
277.6134	-17.6688	311 	  6.0
278.0441	-15.5801	312 	 75.0
278.9868	-15.6854	313 	 15.0
279.2695	 -9.7149	314 	 35.0
280.5770	-20.0333	315 	  5.0
280.4606	 -2.1334	316 	  6.0
281.4417	-14.2059	317 	 20.0
282.4282	 -6.3935	318 	 60.0
282.9920	 -1.2698	319 	  7.0
283.1966	 -5.8510	320 	 15.0
283.5085	-11.2977	321 	 13.0
283.9465	 -4.4587	322 	  2.0
284.3924	 -3.4200	323 	 17.0
284.8457	 -2.9980	324 	 30.0
284.9750	 -4.0632	325 	 15.0
285.8566	 -0.3859	326 	 20.0
286.1124	 -5.1332	327 	 25.0
286.2061	 -4.2487	328 	  4.0
286.7482	 +3.1914	329 	  6.0
289.8901	 +7.5614	330 	 30.0
291.5158	 +7.5800	331 	 40.0
292.0026	 +8.7523	332 	
292.2305	+10.6716	333 	 60.0
293.7752	+12.3224	334 	  3.0
294.2256	 +7.6105	335 	  6.0
294.1712	+12.3435	336 	  2.0
294.2541	+12.3944	337 	  3.0
295.7617	 +7.4608	338 	  8.0
296.0109	 +8.2969	339 	 60.0
297.1853	+11.4100	340 	  7.0
297.5055	+34.2817	341 	 30.0
302.3784	+41.2004	342 	  4.0
303.3586	+40.2770	343 	 13.0
304.0511	+40.2174	344 	  7.0
305.2513	+46.5633	345 	 15.0
306.6921	+43.7439	346 	 10.0
307.1159	+39.9144	347 	  1.0
308.6096	+42.0956	348 	 60.0
311.8509	+43.9593	349 	  6.0
312.2782	+45.8800	350 	  3.0
313.1150	+47.4043	351 	 20.0
314.2950	+45.8979	352 	 22.0
314.3444	+45.4816	353 	  9.0
314.5548	+58.1514	354 	 60.0
314.9086	+43.1864	355 	  5.0
314.9952	+46.6874	356 	 24.0
314.9671	+55.5713	357 	 30.0
316.4192	+43.2826	358 	 20.0
316.6958	+57.1695	359 	 20.0
316.9677	+56.5050	360 	 54.0
318.1910	+47.4309	361 	 20.0
320.9908	+50.2033	362 	 15.0
321.2245	+48.9383	363 	 40.0
323.5188	+54.5558	364 	 75.0
323.7230	+56.7242	365 	 22.0
325.0896	+59.5674	366 	 10.0
326.1024	+57.1742	367 	  5.0
327.7318	+58.9852	368 	 14.0
333.9774	+56.0223	369 	  5.0
338.7115	+56.6457	370 	
